Valor ,ISIN,UBS Long Name,Issuer Name,Asset Class,Instrument Category,Sub-Asset Class ,Instrument Ccy
12438228,SG2C97968151,Reg.shs Raffles Education Limited (NR7),Raffles Education Limited,Equities,Direct investments,Common stock,SGD
20086074,ID1000125909,Reg.shs PT Matahari Putra Prima Tbk               (MPPA),PT Matahari Putra Prima Tbk,Equities,Direct investments,Common stock,IDR
26033639,KYG9843W1125,Reg.shs Yestar Healthcare Holdings Co. Ltd (2393),Yestar Healthcare Holdings Co Ltd,Equities,Direct investments,Common stock,HKD
38584636,US7477981069,Sponsored American Deposit Receipt Qudian Inc. (Repr 1 shs  -A-  )  (QD),Qudian Inc,Equities,Direct investments,Common stock,USD
591600,CH0005916009,UBS Fixed Term Deposit,FESTGELDANLAGE UBS AG,Liquidity,Direct investments,Fixed deposit,CHF
411161,GB0005405286,Reg.shs HSBC Holdings Plc (5),HSBC Holdings PLC,Equities,Direct investments,Common stock,USD
2195292,CNE1000002J7,Reg.shs -H- Cosco Shipping Holdings Co. Ltd (1919),COSCO SHIPPING Holdings Co Ltd,Equities,Direct investments,Common stock,CNY
27931966,CNE100001ZT0,Shs -H- Legend Holdings Ltd Unitary 144A/Reg S (3396),Legend Holdings Ltd,Equities,Direct investments,Common stock,CNY
36415859,LU1599185722,UBS(Lux)Strategy SICAV- Systematic Allocation Portfolio Defensive (USD) Q-acc,UBS (Lux) Strategy SICAV - Systematic Allocation Portfolio Defensive (USD),Others,Pooled vehicles,Asset all funds,USD
41207670,LU1807302739,UBS (Lux) Equity SICAV - All China (USD) Q-acc,UBS (Lux) Equity SICAV - All China (USD),Equities,Pooled vehicles,Common stock,USD
56801627,IL0011684185,Reg.shs JFrog Ltd. (FROG),JFrog Ltd.,Equities,Direct investments,Common stock,ILS
132899372,XD1328993724,Apollo Debt Solutions BDC iCapital Offshore Access Fund SPC SP 1 I-B-series C-dis,Apollo Debt Solutions BDC iCapital Offshore Access Fund SPC,HF&PM,Pooled vehicles,Private markets,USD
29558853,CH0295588534,Money Market Ct. UBS London 2016-13.01.17 Ext to 02.06.25 Ext. Money Market Certificate,"UBS AG, London Branch",Liquidity,Direct investments,MM investments,SGD
984192,US2546871060,Reg.shs  The Walt Disney Company Disney Serie     (DIS),The Walt Disney Company,Equities,Direct investments,Common stock,USD
2340620,LU0235996351,UBS (Lux) Key Selection SICAV - Asian Equities (USD) P-acc,UBS (Lux) Key Selection SICAV - Asian Equities (USD),Equities,Pooled vehicles,Common stock,USD
43359089,LU1861215975,BlackRock Global Funds SICAV - Next Generation Technology A2-USD-capitalisation,BlackRock Global Funds SICAV - Next Generation Technology Fund,Equities,Pooled vehicles,Common stock,USD
10873658,ID1000113905,Reg.shs PT Elang Mahkota Teknologi Tbk   (EMTK),PT Elang Mahkota Teknologi Tbk,Equities,Direct investments,Common stock,IDR
21815311,LU0951559797,Robeco Capital Growth Funds SICAV Robeco BP Global Premium Equities D-USD-capitalisation,Robeco Capital Growth Funds SICAV - Robeco BP Global Premium Equities,Equities,Pooled vehicles,Common stock,USD
16003120,QT0160031206,MVPE 2016 L.P. - Multi-Vintage Private Equity Fund 2016 L.P. Net Commitment,MVPE 2016 L.P. - Multi-Vintage Private Equity Fund 2016 L.P. Net Commitment,HF&PM,Pooled vehicles,Private markets,USD
16003121,KYG6362Y1070,MVPE 2016 L.P. - Multi-Vintage Private Equity Fund 2016 L.P. Total Capital Called,MVPE 2016 L.P. - Multi-Vintage Private Equity Fund 2016 L.P. Total Capital Called,HF&PM,Pooled vehicles,Private markets,USD
38497535,US81141R1005,Sponsrd American Depositary Receipt Sea Ltd (Repr 1 Sh) (SE),Sea Ltd,Equities,Direct investments,Common stock,USD
44023672,US88034P1093,Sponsored American Deposit Receipt Tencent Music (Repr. 2 shs -A-)     (TME),Tencent Music Entertainment Group,Equities,Direct investments,Common stock,USD
51116731,KYG017191142,Reg.shs Alibaba Group Holding Ltd Reg S (9988),Alibaba Group Holding Ltd,Equities,Direct investments,Common stock,USD
16004805,QT0160048051,MVPE 2016 L.P. - Multi-Vintage Private Equity Fund 2016 L.P. Unfunded Commitment,MVPE 2016 L.P. - Multi-Vintage Private Equity Fund 2016 L.P. Net Commitment,HF&PM,Pooled vehicles,Private markets,USD
357850,QT0003578504,UBS Call Deposit,FESTGELDANLAGE UBS AG,Liquidity,Direct investments,Call deposit,CHF
2546720,US46428Q1094,iShares Silver Trust,iShares Silver Trust,PMC,Pooled vehicles,Precious metals,USD
47922753,LU1992162443,M&G (LUX) Investment Fds 1 SICAV - M&G (Lux) Optimal Income Fund J-distribution,M&G (LUX) Investment Funds 1 SICAV - M&G (Lux) Optimal Income Fund,Bonds,Pooled vehicles,Others,EUR
110098380,XD1100983802,Blackstone Real Estate Income Trust iCapital Offshore Access Fund SPC A-SP2-series C-dist,Blackstone Real Estate Income Trust iCapital Offshore Access Fund SPC,Real estate,Pooled vehicles,,USD
123722421,LU2564956352,Capital Intl Fd SICAV - Capital Group Multi-Sector Income Fd (LUX) Sgdm-hedged-dis.,Capital International Fund SICAV - Capital Group Multi-Sector Income Fund (LUX),Bonds,Pooled vehicles,Others,USD
128604738,QT1286047381,Blackstone European Property Income Fd SICAV-BEPIF Feeder SICAV-I BSI-global 00-dist,Blackstone European Property Income Fund SICAV - BEPIF Feeder SICAV - I,Real estate,Pooled vehicles,,EUR
110235122,KYG8436B1398,Starwood Real Estate Income Trust Offshore Company SPC SP-RF-accumulation,Starwood Real Estate Income Trust Offshore Fund SPC,Real estate,Pooled vehicles,,USD
111548840,LU2336273995,Invesco Global Real Assets Fund FCP-RAIF - Property Plus Fund Z-capitalisation,Invesco Global Real Assets Fund FCP-RAIF - Invesco Global Property Plus Fund,Real estate,Pooled vehicles,,USD
111547530,LU2336274530,Invesco Global Real Assets Fund FCP-RAIF - Property Plus Fund Z-GQD-USD-distribution,Invesco Global Real Assets Fund FCP-RAIF - Invesco Global Property Plus Fund,Real estate,Pooled vehicles,,USD
1733905,CNE100000338,Shs -H- Great Wall Motor Co. Ltd (2333),Great Wall Motor Co Ltd,Equities,Direct investments,Common stock,CNY
1842714,HK0669013440,Reg.shs Techtronic Industries Co. Ltd           (669),Techtronic Industries Co Ltd,Equities,Direct investments,Common stock,HKD
1714873,CNE1000003X6,Shs -H- Ping An Insurance (Group) Co. of China Ltd (2318),Ping An Insurance (Group) Company of China Ltd,Equities,Direct investments,Common stock,CNY
3851175,HK0388045442,Reg.shs Hong Kong Exchanges and Clearing Ltd   (388),Hong Kong Exchanges and Clearing Ltd,Equities,Direct investments,Common stock,HKD
3179959,KYG8586D1097,Reg.shs Sunny Optical Technology (Group) Co. Ltd   (2382),Sunny Optical Technology (Group) Co Ltd,Equities,Direct investments,Common stock,HKD
3919628,KYG525681477,Reg.shs Kingdee International Software Group Co. Ltd (268),Kingdee International Software Group Co Ltd,Equities,Direct investments,Common stock,HKD
10724764,KYG5635P1090,Reg.shs Longfor Group Holdings Ltd (960),Longfor Group Holdings Limited,Equities,Direct investments,Common stock,HKD
11872025,HK0000069689,Reg.shs AIA Group Ltd (1299),AIA Group Ltd,Equities,Direct investments,Common stock,USD
14425550,KYG211461085,Reg.shs Chow Tai Fook Jewellery Group Ltd           (1929),Chow Tai Fook Jewellery Group Ltd,Equities,Direct investments,Common stock,HKD
2178592,KYG070341048,Reg.shs -A- Baidu Inc. Class -A- (9888),Baidu Inc,Equities,Direct investments,Common stock,USD
24014323,KYG875721634,Reg.shs Tencent Holdings Ltd (700),Tencent Holdings Ltd,Equities,Direct investments,Common stock,HKD
25867521,BMG0171K1018,Reg.shs Alibaba Health Information Technology Ltd (241),Alibaba Health Information Technology Ltd,Equities,Direct investments,Common stock,HKD
27577632,CNE100001TR7,Shs -H- Fuyao Glass Industry Group Co. Ltd Unitary 144A/Reg S   (3606),Fuyao Glass Industry Group Co Ltd,Equities,Direct investments,Common stock,CNY
27576430,CNE100001YQ9,Shs -H- Huatai Securities Co. Ltd Unitary 144A/Reg S (6886),Huatai Securities Co Ltd,Equities,Direct investments,Common stock,CNY
28906749,KYG2118M1096,Reg.shs China Overseas Property Holdings Ltd   (2669),China Overseas Property Holdings Ltd,Equities,Direct investments,Common stock,HKD
34326293,US98980A1051,Sponsored American Deposit Shs ZTO Express (Cayman) Inc. (Repr. 1 shs -A-) (ZTO),ZTO Express (Cayman) Inc,Equities,Direct investments,Common stock,USD
38383802,KYG2177B1014,Reg.shs CK Asset Holdings Limited (1113),CK Asset Holdings Limited,Equities,Direct investments,Common stock,HKD
43648956,KYG4290A1013,Reg.shs Haidilao International Holding Ltd Unitary 144A/Reg S   (6862),Haidilao International Holding Ltd,Equities,Direct investments,Common stock,USD
55256713,KYG8208B1014,Reg.shs -A- JD.com Inc Reg S (9618),JD.com Inc,Equities,Direct investments,Common stock,USD
54540945,IE00BKPSFD61,iShares IV Plc - China CNY Bond UCITS ETF USD-acc,iShares IV PLC - iShares China CNY Bond UCITS ETF,Bonds,Pooled vehicles,Straight bonds,USD
58316884,KYG970081173,Reg.shs WuXi Biologics (Cayman) Inc. Unitary 144A/Reg S (2269),WuXi Biologics (Cayman) Inc.,Equities,Direct investments,Common stock,USD
1735703,CNE100000502,Shs -H- Zijin Mining Group Co. Ltd           (2899),Zijin Mining Group Co Ltd,Equities,Direct investments,Common stock,CNY
421075,HK0291001490,Reg.shs China Resources Beer (Holdings) Co. Ltd (291),China Resources Beer (Holdings) Company Ltd,Equities,Direct investments,Common stock,HKD
4294858,KYG693701156,Reg.shs Parkson Retail Group Ltd (3368),Parkson Retail Group Ltd,Equities,Direct investments,Common stock,HKD
2835185,CNE1000009Q7,Shs -H- China Pacific Insurance (Group) Co. Ltd   (2601),China Pacific Insurance (Group) Co Ltd,Equities,Direct investments,Common stock,CNY
24409862,US01609W1027,Sponsored American Deposit Receipt Shs Alibaba Group Holding Ltd (Repr. 8 shs)     (BABA),Alibaba Group Holding Ltd,Equities,Direct investments,Common stock,USD
43558773,KYG596691041,Reg.shs  -B- Meituan Unitary 144A/Reg S (3690),Meituan,Equities,Direct investments,Common stock,USD
121083620,CNE100004YZ4,Reg.shs  -H- China Tourism Reg S  (1880),China Tourism Group Duty Free Corporation Limited,Equities,Direct investments,Common stock,CNY
22570472,ID1000129802,Reg.shs PT Nipress Tbk (NIPS),PT Nipress Tbk,Equities,Direct investments,Common stock,IDR
833675,CA66987E2069,Reg.shs Novagold Resources Inc. (NG),Novagold Resources Inc,Equities,Direct investments,Common stock,CAD
402331,GB0007323586,Reg.shs Renishaw PLC (RSW),Renishaw PLC,Equities,Direct investments,Common stock,GBP
2676862,SE0000872095,Reg.shs Swedish Orphan Biovitrum AB (SOBI),Swedish Orphan Biovitrum AB,Equities,Direct investments,Common stock,SEK
3471218,BMG0114P1005,Reg.shs African Minerals Ltd,African Minerals Ltd,Equities,Direct investments,Common stock,USD
3469403,FR0010533075,Shs Getlink SE     (GET),Getlink SE,Equities,Direct investments,Common stock,EUR
3023898,ID1000105703,Reg.shs PT Bisi International Tbk (BISI),PT Bisi International Tbk,Equities,Direct investments,Common stock,IDR
10773929,VGG7762V1076,Reg.shs Consolidated Growth Holdings Ltd,Consolidated Growth Holdings Ltd,Equities,Direct investments,Common stock,GBP
12105513,ID1000117708,Reg.shs PT Charoen Pokphand Indonesia Tbk   (CPIN),PT Charoen Pokphand Indonesia Tbk,Equities,Direct investments,Common stock,IDR
25974740,DE000A13SX22,Shs HELLA GmbH & Co. KGaA (HLE),HELLA GmbH & Co. KGaA,Equities,Direct investments,Common stock,EUR
33765401,CA89621C1059,Reg.shs Trilogy Metals Inc. (TMQ),Trilogy Metals Inc,Equities,Direct investments,Common stock,CAD
36427552,IL0011407140,Reg.shs UroGen Pharma Ltd (URGN),UroGen Pharma Ltd,Equities,Direct investments,Common stock,ILS
39040724,GG00BDG13C09,Reg.shs Pacsco  Ltd (PACS),Pacsco Limited,Equities,Direct investments,Common stock,GBP
43756548,US0197701065,Reg.shs Allogene Therapeutics Inc.          (ALLO),Allogene Therapeutics Inc,Equities,Direct investments,Common stock,USD
56799254,US8334451098,Reg.shs -A- Snowflake Inc. (5Q5),Snowflake Inc,Equities,Direct investments,Common stock,USD
57260673,US50107A1043,Reg.shs Kronos Bio Inc (KRON),Kronos Bio Inc,Equities,Direct investments,Common stock,USD
58382412,US0090661010,Reg.shs -A- Airbnb Inc. (ABNB),Airbnb Inc,Equities,Direct investments,Common stock,USD
37627976,GB00BF0F5X78,Reg.shs Contango Holdings Plc (CGO),Contango Holdings PLC,Equities,Direct investments,Common stock,GBP
131406303,DE000UNSE026,Reg.shs Uniper SE After capital reduction (UN0),Uniper SE,Equities,Direct investments,Common stock,EUR
16003342,KYG8548R1056,STRIPE 36 L.P. The Rise Fund Total Capital Called,STRIPE 36 L.P. THE RISE FUND,HF&PM,Pooled vehicles,Private markets,USD
16003341,QT0160033418,STRIPE 36 L.P. The Rise Fund Net Commitment,STRIPE 36 L.P. THE RISE FUND,HF&PM,Pooled vehicles,Private markets,USD
16004110,IE00BJ9TZ493,STRIPE 68 Cl. A - Investing in KKR IV Asian Fund IV SCSp Outstanding Shares,STRIPE 68 Cl. A - Investing in KKR IV Asian Fund IV SCSp Outstanding Shares,HF&PM,Pooled vehicles,Private markets,USD
16004109,QT0160041098,STRIPE 68 Cl. A - Investing in KKR IV Asian Fund IV SCSp Net Commitment,STRIPE 68 Cl. A - Investing in KKR IV Asian Fund IV SCSp Net Commitment,HF&PM,Pooled vehicles,Private markets,USD
16004111,QT0160041114,STRIPE 68 Cl. A - Investing in KKR IV Asian Fund IV SCSp Unfunded Commitment,STRIPE 68 Cl. A - Investing in KKR IV Asian Fund IV SCSp Unfunded Commitment,HF&PM,Pooled vehicles,Private markets,USD
16004188,QT0160041882,"STRIPE 75 Ltd. - Investing in SV Dislocation Fund, L.P. Net Commitment","STRIPE 75 Ltd. - Investing in SV Dislocation Fund, L.P. Net Commitment",HF&PM,Pooled vehicles,Private markets,USD
16004190,QT0160041908,"STRIPE 75 Ltd. - Investing in SV Dislocation Fund, L.P. Unfunded Commitment","STRIPE 75 Ltd. - Investing in SV Dislocation Fund, L.P. Unfunded Commitment",HF&PM,Pooled vehicles,Private markets,USD
16004189,KYG855511021,"STRIPE 75 Ltd. - Investing in SV Dislocation Fund, L.P. Outstanding Shares","STRIPE 75 Ltd. - Investing in SV Dislocation Fund, L.P. Outstanding Shares",HF&PM,Pooled vehicles,Private markets,USD
16004831,QT0160048317,STRIPE 36 L.P. The Rise Fund Unfunded Commitment,STRIPE 36 L.P. THE RISE FUND,HF&PM,Pooled vehicles,Private markets,USD
785274,MYL5487OO003,Reg.shs CHG Industries Bhd,CHG Industries Bhd,Equities,Direct investments,Common stock,MYR
36244719,US69608A1088,Reg.shs -A- Palantir Technologies Inc. (PLTR),Palantir Technologies Inc,Equities,Direct investments,Common stock,USD
11448018,US88160R1014,Reg.shs Tesla Inc. (TSLA),Tesla Inc,Equities,Direct investments,Common stock,USD
45176927,KYG622681008,Reg.shs Mobvista Inc. Unitary Reg S/144A,Mobvista Inc.,Equities,Direct investments,Common stock,USD
105190659,QT1051906597,Rev. Accumulator UBSG 2024-16.06.2025 (ff 12.06.25) PLTR (USD 32.7385/21.816),"UBS AG, Singapore Branch",Equities,OTC ACCU & DEC,Common stock,USD
105193569,QT1051935695,Rev. Accumulator UBSG 2024-30.06.2025 (ff 26.06.25) PLTR (USD 33.7857/22.023),"UBS AG, Singapore Branch",Equities,OTC ACCU & DEC,Common stock,USD
105221781,QT1052217812,"Accumulator UBS AG, SG Br. (SG) 2024-07.10.2025 (ff 06.10.25) PLTR (USD 29.7713/45.54)","UBS AG, Singapore Branch",Equities,OTC ACCU & DEC,Common stock,USD
645156,US0231351067,Reg.shs Amazon.com Inc. (AMZN),Amazon.com Inc,Equities,Direct investments,Common stock,USD
908440,US0378331005,Reg.shs Apple Inc.     (AAPL),Apple Inc,Equities,Direct investments,Common stock,USD
951692,US5949181045,Reg.shs Microsoft Corp. (MSFT),Microsoft Corp,Equities,Direct investments,Common stock,USD
3537013,LU0329593007,BlackRock Global Funds SICAV - World Healthscience Fund D2-capitalisation,BlackRock Global Funds SICAV - World Healthscience Fund,Equities,Pooled vehicles,Common stock,USD
29798545,US02079K1079,Reg.shs -C- Alphabet Inc. non voting (GOOG),Alphabet Inc,Equities,Direct investments,Common stock,USD
30608357,LU1328240616,Morgan Stanley Investment Funds SICAV - Global Brands Fund F-capitalisation,Morgan Stanley Investment Funds SICAV - Global Brands Fund,Equities,Pooled vehicles,Common stock,USD
3697804,DK0060094928,Reg.shs Orsted     (ORSTED),Orsted,Equities,Direct investments,Common stock,DKK
40010114,LU1747734918,AB FCP I FCP - American Income Portfolio W2-capitalisation,AB FCP I FCP - American Income Portfolio,Bonds,Pooled vehicles,Straight bonds,USD
58460132,US7710491033,Reg. shs -A- Roblox Corp. (RBLX),Roblox Corporation,Equities,Direct investments,Common stock,USD
116110551,XD1161105519,Blackstone Real Estate Income Trust iCapital Offshore Access Fund SPC SP 10 I-C-series-dist,Blackstone Real Estate Income Trust iCapital Offshore Access Fund SPC,Real estate,Pooled vehicles,,USD
124130552,LU2571548820,Brookfield Oaktree Wealth Sol. Alt. Fd SA SICAV UCI Part II - Infr. Income Fund A-acc,Brookfield Oaktree Wealth Solutions Alternative Funds SA SICAV UCI Part II - Brookfield Infrastructure Income Fund,HF&PM,Pooled vehicles,Private markets,USD
126559383,LU2582103870,Apollo Private Markets SICAV - Apollo Aligned Alternatives (E-1)-I2-acc,Apollo Private Markets SICAV - Apollo Aligned Alternatives (E-1),HF&PM,Pooled vehicles,Private markets,USD
2690650,CNE1000002M1,Shs -H- China Merchants Bank Co. Ltd           (3968),China Merchants Bank Co Ltd,Equities,Direct investments,Common stock,CNY
48045452,US3896381072,Grayscale Ethereum Trust (ETH),Grayscale Ethereum Trust ETF,Liquidity,Pooled vehicles,Crypto,USD
14233262,HK0000091790,Reg.shs Yunfeng Financial Group Ltd (376),Yunfeng Financial Group Ltd,Equities,Direct investments,Common stock,HKD
24620337,CNE100001SR9,Shs -H- China Vanke Co. Ltd (2202),China Vanke Co Ltd,Equities,Direct investments,Common stock,CNY
25140337,BMG0171W1055,Reg.shs Alibaba Pictures Group Ltd           (1060),Alibaba Pictures Group Ltd,Equities,Direct investments,Common stock,HKD
42399032,KYG9830T1067,Reg.shs Xiaomi Corp. Unitary 144A/Reg S (1810),Xiaomi Corporation,Equities,Direct investments,Common stock,USD
45984648,US3896371099,Grayscale Bitcoin Trust ETF,Grayscale Bitcoin Trust ETF,Liquidity,Pooled vehicles,Crypto,USD
47194804,XS1974522937,7.25% Notes Country Garden 2019-08.04.26 Guaranteed Reg S In Default,Country Garden Holdings Co Ltd,Bonds,Direct investments,Straight bonds,USD
51197857,US31810T1016,Sponsored American Deposit Receipt FinVolution Group (Repr 5 Shs -A-) (FINV),FinVolution Group,Equities,Direct investments,Common stock,USD
51856894,XS2100726160,5.625% Country Garden Holdings Co. Ltd 2020-14.01.2030,Country Garden Holdings Co Ltd,Bonds,Direct investments,Straight bonds,USD
51857410,XS2100725949,5.125% Country Garden Holdings Co. Ltd 2020-14.01.2027 Secured,Country Garden Holdings Co Ltd,Bonds,Direct investments,Straight bonds,USD
56308728,XS2210960378,4.80% Notes Country Garden Holdings Co. Ltd 2020-06.08.2030 Guaranteed 1st Lien Reg S,Country Garden Holdings Co Ltd,Bonds,Direct investments,Straight bonds,USD
56308726,XS2210960022,4.20% Notes Country Garden Holdings Co. Ltd 2020-06.02.2026 Guaranteed 1st Lien Reg S,Country Garden Holdings Co Ltd,Bonds,Direct investments,Straight bonds,USD
58226555,US98372W2026,Sponsored American Depositary Share X Financial (Repr 6 Shs) -A-,X Financial,Equities,Direct investments,Common stock,USD
36830487,XS1618597535,5.25% Logan Group Company Limited 2017-23.02.2023,Logan Group Company Limited,Bonds,Direct investments,Straight bonds,USD
37267688,XS1627599654,8.75% Notes China Evergrande Group 2017-28.06.2025 Secured Reg S in liquidation,China Evergrande Group,Bonds,Direct investments,Straight bonds,USD
120442938,XS2495355674,6.50% PIK Notes Easy Tactic Ltd 2022-11.07.2025 Guaranteed Secured  VR,Easy Tactic Ltd,Bonds,Direct investments,Straight bonds,USD
680579,CA13321L1085,Reg.shs Cameco Corp.     (CCJ),Cameco Corp,Equities,Direct investments,Common stock,CAD
994529,US67066G1040,Reg.shs NVIDIA Corp. (NVDA),NVIDIA Corp,Equities,Direct investments,Common stock,USD
410257,US91347P1057,Reg.shs Universal Display Corp. (OLED),Universal Display Corp,Equities,Direct investments,Common stock,USD
2231362,US0567521085,Sponsored American Deposit Receipt Baidu Inc. (Repr 8 Shs -A-)  (BIDU),Baidu Inc,Equities,Direct investments,Common stock,USD
3109814,US58733R1023,Reg.shs MercadoLibre Inc. (MELI),MercadoLibre Inc,Equities,Direct investments,Common stock,USD
4752662,US88032Q1094,Unspons. American Deposit Receipt Tencent Holdings Ltd (Repr. 1 shs)     (TCEHY),Tencent Holdings Ltd,Equities,Direct investments,Common stock,HKD
20085930,USN070592100,Sponsored American Deposit Receipt ASML Holding NV (Repr 1 Sh),ASML Holding NV,Equities,Direct investments,Common stock,EUR
33717137,US88339J1051,Reg.shs -A- The Trade Desk Inc. (TTD),The Trade Desk Inc,Equities,Direct investments,Common stock,USD
50164128,US00783V1044,Unspons. American Deposit Receipt Adyen N.V. (repr 1/50 Sh) (ADYEY),Adyen N.V.,Equities,Direct investments,Common stock,EUR
50840049,US89677Q1076,Sponsored American Deposit Share Trip Com Group Ltd (Repr 1 Sh) (TCOM),Trip Com Group Ltd,Equities,Direct investments,Common stock,USD
113742301,NL0015000IY2,Shs / Reg.shs Universal Music Group N.V. (UMG),Universal Music Group N.V.,Equities,Direct investments,Common stock,EUR
18525320,ID1000124001,Reg.shs PT BFI Finance Indonesia Tbk               (BFIN),PT BFI Finance Indonesia Tbk,Equities,Direct investments,Common stock,IDR
22816036,LU0992293067,The Jupiter Global Fund SICAV - Jupiter Dynamic Bond L-USD-M-inc-HSC-distribution,The Jupiter Global Fund SICAV - Jupiter Dynamic Bond,Bonds,Pooled vehicles,Straight bonds,USD
56982999,XS2223798229,4.375% FPC Resources Ltd 2020-11.09.2027 Guaranteed First Pacific Co Ltd,FPC Resources Limited,Bonds,Direct investments,Straight bonds,USD
116532986,KYG6834S1003,Blue Owl Technology Income Corp. iCapital Access Fund SPC A-acc,Blue Owl Technology Income Corp. iCapital Offshore Access Fund SPC,HF&PM,Pooled vehicles,Private markets,USD
118053829,US91127LAH33,3.863% MTN United Overseas Bank Ltd 2022-07.10.2032 Global series 059 Reg S Fixed/Floating Rate,United Overseas Bank Ltd,Bonds,Direct investments,Straight bonds,USD
132902107,XD1329021079,Apollo Debt Solutions BDC iCapital Offshore Access Fund SPC SP 1 A-B-series C-acc,Apollo Debt Solutions BDC iCapital Offshore Access Fund SPC,HF&PM,Pooled vehicles,Private markets,USD
132659849,XS2762788193,5.02% Fixed Rt/Floating Rt Nt Nomur 2024-30.05.2026 NOMURA Note,Nomura International Funding Pte Ltd,Bonds,Struct.prod.&wts,Straight bonds,USD
138362748,XD1383627480,Blackstone Private Eq Strategies Fund SICAV-BXPE Feeder SICAV-I AA-series JULY 2024-cap,Blackstone Private Equity Strategies Fund SICAV - BXPE Feeder SICAV - I,HF&PM,Pooled vehicles,Private markets,USD
288055,CH0002880554,Metal account gold OZS Min.finess 995 Loco Zurich Pro Memoria,Metallkonto,PMC,Account,Precious metals,XAU
2577176,LU0256845834,Pictet SICAV - Pictet-Security I-USD-capitalisation,Pictet SICAV - Pictet-Security,Equities,Pooled vehicles,Common stock,USD
39219056,QT0392190564,Multi-Manager (Ireland) ICAV - Select Opportunities F-USD-series 2-acc,Multi-Manager (Ireland) ICAV - Select Opportunities (ICAV - Ireland),HF&PM,Pooled vehicles,Hedge funds,USD
12915350,US1729674242,Reg.shs Citigroup Inc.     (C),Citigroup Inc,Equities,Direct investments,Common stock,USD
27983540,LU1226287875,UBS (Lux) Key Selection SICAV - China Allocation Opportunity (USD) P-Mdist,UBS (Lux) Key Selection SICAV - China Allocation Opportunity (USD),Others,Pooled vehicles,Asset all funds,USD
29228421,LU1273507282,Fidelity Funds SICAV - Asian High Yield Fund Y-USD-Mdist,Fidelity Funds SICAV - Asian High Yield Fund,Bonds,Pooled vehicles,Straight bonds,USD
35753642,XD0357536420,BlackRock Alternatives Funds ICAV The Select Fund A-USD-restr. non voting-master series-acc,BlackRock Alternatives Funds ICAV - The Select Fund,HF&PM,Pooled vehicles,Hedge funds,USD
36472841,XD0364728416,A&Q Alpha Select Hedge Fund Ltd UA-USD-restricted-series 1,A&Q Alpha Select Hedge Fund Limited,HF&PM,Pooled vehicles,Hedge funds,USD
30164303,LU1310446312,Capital International Fund SICAV Capital Group New Perspective Fund (LUX) ZL,Capital International Fund SICAV - Capital Group New Perspective Fund (LUX),Equities,Pooled vehicles,Common stock,USD
44887387,LU1911739453,Partners Group Global Value SICAV E-N-USD-capitalisation,Partners Group Global Value SICAV,HF&PM,Pooled vehicles,Private markets,USD
49280512,LU2038039314,UBS (Lux) Bond SICAV - Global Dynamic (USD) Q-4%-mdist,UBS (Lux) Bond SICAV - Global Dynamic (USD),Bonds,Pooled vehicles,Others,USD
49375098,LU2038518986,JPMorgan Funds SICAV - Global Bond Opportunities Fund C2 (mth)-USD-dist,JPMorgan Funds SICAV - Global Bond Opportunities Fund,Bonds,Pooled vehicles,Straight bonds,USD
51675825,HK0000559036,UBS (HK) Fund Series - Credit Income Opp. (USD) Q-USD,UBS (HK) Fund Series - Credit Income Opportunity(USD),Bonds,Pooled vehicles,Others,USD
56314427,IE00BLCB6M14,PIMCO Fds: Global Inv. Series Plc - Global Bond Fund W-USD,PIMCO Funds Global Investors Series PLC - Global Bond Fund,Bonds,Pooled vehicles,Straight bonds,USD
56695520,LU2210036088,Janus Henderson Horizon Fund SICAV - Gbl Technology Leaders Fund SB2-USD-capitalisation,Janus Henderson Horizon Fund SICAV - Global Technology Leaders Fund,Equities,Pooled vehicles,Common stock,USD
59986178,XD0599861784,Blackstone Real Estate Income Trust iCapital Offshore Access Fd SPC I-SP 4-S. C-distribution,Blackstone Real Estate Income Trust iCapital Offshore Access Fund SPC,Real estate,Pooled vehicles,,USD
122201361,XS2280760070,Perles UBSL 2023-08.02.2030 (ff 01.02.30) CIO Chi Reopen USD,"UBS AG, London Branch",Equities,Struct.prod.&wts,Common stock,USD
126961245,XD1269612457,KKR Private Markets Equity Fund SICAV SA - K-PRIME Feeder-I R-series MAY 2023-cap,KKR Private Markets Equity Fund SICAV SA - K-PRIME Feeder-I,HF&PM,Pooled vehicles,Private markets,USD
136566000,XD1365660004,Apollo Debt Solutions BDC iCapital Offshore Access Fund SPC SP 1 I-B-dis-series 06/2024,Apollo Debt Solutions BDC iCapital Offshore Access Fund SPC,HF&PM,Pooled vehicles,Private markets,USD
136576459,XD1365764590,KKR Infrastructure Fund SICAV SA SICAV - KIF Feeder-I RD-series June 2024-dis,KKR Infrastructure Fund SICAV SA- KIF Feeder-I,HF&PM,Pooled vehicles,Private markets,USD
138285751,XS2874177723,10.45% Citi Glob. Mrkt (LU) 2024-22.04.2025 Novo Nordisk/Eli Lilly,Citigroup Global Markets Funding Luxembourg S.C.A.,Equities,Struct.prod.&wts,Common stock,USD
748628,US0605051046,Reg.shs Bank of America Corp (BAC),Bank of America Corp,Equities,Direct investments,Common stock,USD
958611,US6745991058,Reg.shs Occidental Petroleum Corp. (OXY),Occidental Petroleum Corp,Equities,Direct investments,Common stock,USD
1095642,US92343V1044,Reg.shs Verizon Communications Inc.          (VZ),Verizon Communications Inc,Equities,Direct investments,Common stock,USD
4258191,US78463V1070,SPDR Gold Trust ETF (GLD),SPDR Gold Trust,PMC,Pooled vehicles,Precious metals,USD
1147613,CNE100000585,Shs -H- Tong Ren Tang Technologies Co. Ltd (1666),Tong Ren Tang Technologies Co Ltd,Equities,Direct investments,Common stock,CNY
10469166,HK0000055878,Reg.shs China Taiping Insurance Holdings Co. Ltd (966),China Taiping Insurance Holdings Co Ltd,Equities,Direct investments,Common stock,HKD
24544787,CNE100001SG2,Shs -H- Qingdao Port International Co. Ltd           (6198),Qingdao Port International Co Ltd,Equities,Direct investments,Common stock,CNY
37327935,SG1DH9000006,Registered units NetLink NBN Trust Reg-S               (CJLU),NetLink NBN Trust,Equities,Direct investments,Common stock,SGD
46209336,LU1883311810,Amundi Funds SICAV - Europe Equity Income Select A2-QTI-USD-hedged-distribution,Amundi Funds SICAV - Europe Equity Income Select,Equities,Pooled vehicles,Common stock,USD
55889123,US6745991629,Warrant Occidental Petroleum Corp. 2020-03.08.2027 Occidental Pete (USD 22),Occidental Petroleum Corp,Equities,Struct.prod.&wts,Common stock,USD
105213316,QT1052133167,Rev. Accumulator UBSG 2024-18.08.2025 (ff 14.08.25) BAC (USD 44.3898/36.1276),"UBS AG, Singapore Branch",Equities,OTC ACCU & DEC,Common stock,USD
105213313,QT1052133134,"Accumulator UBS AG, SG Br. (SG) 2024-18.08.2025 (ff 14.08.25) OXY (USD 51.5457/62.3607)","UBS AG, Singapore Branch",Equities,OTC ACCU & DEC,Common stock,USD
539377,LU0070992663,Janus Henderson Horizon Fd SICAV - Global Technology Leaders Fund A2-capitalisation,Janus Henderson Horizon Fund SICAV - Global Technology Leaders Fund,Equities,Pooled vehicles,Common stock,USD
1143143,LU0119620416,Morgan Stanley Investment Funds SICAV - Global Brands Fund A-capitalisation,Morgan Stanley Investment Funds SICAV - Global Brands Fund,Equities,Pooled vehicles,Common stock,USD
1265505,KYG9165D1300,A&Q Neutral Alpha Strategies Ltd J-USD-series 1,A&Q Neutral Alpha Strategies Limited,HF&PM,Pooled vehicles,Hedge funds,USD
2836189,LU0278718100,BlackRock Global Funds SICAV - Systematic Global Equity High Income Fund A2-EUR-hedged-cap,BlackRock Global Funds SICAV - Systematic Global Equity High Income Fund,Equities,Pooled vehicles,Common stock,EUR
3948007,LU0349525401,UBS (Lux) Real Estate Funds Selection SICAV - Global P-acc,UBS (Lux) Real Estate Funds Selection SICAV - Global,Real estate,Pooled vehicles,,EUR
16000934,QT0160009343,ALPES 2005 Ltd. - Alternative Private Equity Solution 2005 Net Commitment,ALPES 2005 Ltd.,HF&PM,Pooled vehicles,Private markets,USD
16000932,QT0160009327,ALPES 2004 Ltd. - Alternative Private Equity Solution 2004 Net Commitment,ALPES 2004 Ltd.,HF&PM,Pooled vehicles,Private markets,USD
16001726,QT0160017262,ALPES 2005 Ltd. - Alternative Private Equity Solution 2005 Redeemed Shares,ALPES 2005 Ltd.,HF&PM,Pooled vehicles,Private markets,USD
16002605,QT0160026057,ALPES 2004 Ltd. - Alternative Private Equity Solution 2004 Redeemed Shares,ALPES 2004 Ltd.,HF&PM,Pooled vehicles,Private markets,USD
19782762,LU0841155764,BlackRock Global Funds SICAV - Asian Tiger Bond Fund A3-AUD-hedged-distribution,BlackRock Global Funds SICAV - Asian Tiger Bond Fund,Bonds,Pooled vehicles,Straight bonds,AUD
20333847,LU0867954264,JPMorgan Funds SICAV - Global Bond Opportunities Fund A-USD-acc,JPMorgan Funds SICAV - Global Bond Opportunities Fund,Bonds,Pooled vehicles,Others,USD
41960402,LU1822774284,BlackRock Global Funds SICAV - World Healthscience Fund A2-EUR-hedged-capitalisation,BlackRock Global Funds SICAV - World Healthscience Fund,Equities,Pooled vehicles,Common stock,EUR
42535554,LU1852198446,UBS Sustainable Investing Fund Balanced - EUR-hedged P-acc,Multi Manager Access II SICAV - Sustainable Investing Balanced,Others,Pooled vehicles,Asset all funds,EUR
42662504,LU1856116048,UBS Sustainable Investing Fund Growth - USD P-acc,Multi Manager Access II SICAV - Sustainable Investing Growth,Others,Pooled vehicles,Asset all funds,USD
115092609,LU2367650590,Lumyna-Marshall Wace UCITS SICAV - Lumyna-MW TOPS UCITS Fund D-capitalisation,Lumyna-Marshall Wace UCITS SICAV - Lumyna-MW TOPS UCITS Fund,HF&PM,Pooled vehicles,Hedge funds,GBP
129451372,XD1294513720,KKR Private Markets Equity Fund SICAV SA - K-PRIME Feeder-I N-series August 2023-cap,KKR Private Markets Equity Fund SICAV SA - K-PRIME Feeder-I,HF&PM,Pooled vehicles,Private markets,USD
18984176,LU0784639451,JPMorgan Funds SICAV - Asia Pacific Income Fund C-USD-Mdist,JPMorgan Funds SICAV - Asia Pacific Income Fund,Others,Pooled vehicles,Asset all funds,USD
21378534,LU0929966207,T.Rowe Price Funds SICAV - US Smaller Companies Equity Fund Q-capitalisation,T.Rowe Price Funds SICAV - US Smaller Companies Equity Fund,Equities,Pooled vehicles,Common stock,USD
26204133,IE00BSTL7535,PIMCO Funds: Global Investors Ser. Funds Plc  - Income Fund SGD-hedged-institutional,PIMCO Funds Global Investors Series PLC - Income Fund,Bonds,Pooled vehicles,Others,SGD
30474506,SG9999014641,Fullerton Fund - Fullerton SGD Income Fund R,Fullerton Fund - Fullerton SGD Income Fund,Bonds,Pooled vehicles,Straight bonds,SGD
30734387,IE00BYYJYC06,Algebris UCITS Funds Plc - Algebris Financial Credit Fund Id-SGD-hedged,Algebris UCITS Funds PLC - Algebris Financial Credit Fund,Bonds,Pooled vehicles,Contingent Convertible Bond,SGD
116532989,KYG6834S1342,Blue Owl Technology Income Corp. iCapital Offshore Access Fund SPC SP1 I-dist,Blue Owl Technology Income Corp. iCapital Offshore Access Fund SPC,HF&PM,Pooled vehicles,Private markets,USD
124130549,LU2571549042,Brookfield Oaktree Wealth Sol. Alt. Fd SA SICAV UCI Part II -Infr. Income Fd C-Institutional-dist,Brookfield Oaktree Wealth Solutions Alternative Funds SA SICAV UCI Part II - Brookfield Infrastructure Income Fund,HF&PM,Pooled vehicles,Private markets,USD
129305045,LU2672295115,Apollo Private Markets SICAV - Aligned Alternatives (E-1) I7-capitalisation,Apollo Private Markets SICAV - Apollo Aligned Alternatives (E-1),HF&PM,Pooled vehicles,Private markets,SGD
136339058,KYG0R73M4208,Apollo Debt Solutions BDC iCapital Offshore Access Fund SPC SP 3 I-B-acc,Apollo Debt Solutions BDC iCapital Offshore Access Fund SPC,HF&PM,Pooled vehicles,Private markets,SGD
125034615,XD1250346156,Blackstone Pri. Credit Fd iCapital Offshore Access Fund SPC SP4 A-B-series C-dist,Blackstone Private Credit Fund iCapital Offshore Access Fund SPC,HF&PM,Pooled vehicles,Private markets,USD
512613,LU0067412154,UBS (Lux) Equity Fund FCP - China Opportunity   (USD) P-acc,UBS (Lux) Equity Fund FCP - China Opportunity (USD),Equities,Pooled vehicles,Common stock,USD
1211929,LU0122379950,BlackRock Global Funds SICAV - World Healthscience Fund A2-capitalisation,BlackRock Global Funds SICAV - World Healthscience Fund,Equities,Pooled vehicles,Common stock,USD
1034579,LU0106259558,Schroder International Selection Fund SICAV - Asian Opport- unities A-capitalisation,Schroder International Selection Fund SICAV - Asian Opportunities,Equities,Pooled vehicles,Common stock,USD
2577179,LU0256846139,Pictet SICAV - Pictet-Security P-USD-capitalisation,Pictet SICAV - Pictet-Security,Equities,Pooled vehicles,Common stock,USD
3042331,LU0286668966,Fidelity Funds SICAV - Asian High Yield Fund A-EUR-acc,Fidelity Funds SICAV - Asian High Yield Fund,Bonds,Pooled vehicles,Straight bonds,EUR
3042329,LU0286668453,Fidelity Funds SICAV - Asian High Yield Fund A-USD-acc,Fidelity Funds SICAV - Asian High Yield Fund,Bonds,Pooled vehicles,Straight bonds,USD
20152466,IE00B7KFL990,PIMCO Funds Global Investors Series Plc - Income Fund E-USD-acc,PIMCO Funds Global Investors Series PLC - Income Fund,Bonds,Pooled vehicles,Straight bonds,USD
22386409,LU0974636200,UBS (Lux) Key Selection SICAV - Asian Global Strategy Balanced (USD) P-acc,UBS (Lux) Key Selection SICAV - Asian Global Strategy Balanced (USD),Others,Pooled vehicles,Asset all funds,USD
24476758,CH0244767585,Reg.shs UBS Group Inc (UBSG),UBS Group AG,Equities,Direct investments,Common stock,USD
41207668,LU1807302812,UBS (Lux) Equity SICAV - All China (USD) P-acc,UBS (Lux) Equity SICAV - All China (USD),Equities,Pooled vehicles,Common stock,USD
42535552,LU1852198289,UBS Sustainable Investing Fund Balanced - USD P-acc,Multi Manager Access II SICAV - Sustainable Investing Balanced,Others,Pooled vehicles,Asset all funds,USD
45078036,LU1917362490,UBS (Lux) Strategy SICAV - Dynamic Income (USD) P-acc,UBS (Lux) Strategy SICAV - Dynamic Income (USD),Others,Pooled vehicles,Asset all funds,USD
55777949,LU2145461914,Robeco Capital Growth Funds SICAV - Robeco Smart Energy D-USD-capitalisation,Robeco Capital Growth Funds SICAV - Robeco Smart Energy,Equities,Pooled vehicles,Common stock,USD
110017591,XD1100175912,Blackstone Real Estate Income Trust iCapital Offshore Access Fund SPC A-SP3-acc-series C,Blackstone Real Estate Income Trust iCapital Offshore Access Fund SPC,Real estate,Pooled vehicles,,USD
115606002,GB00BP6MXD84,Reg shs Shell Plc (SHEL),Shell PLC,Equities,Direct investments,Common stock,EUR
116144019,XD1161440197,Blackstone Real Estate Income Trust iCapital Offshore Access Fund SPC A-SP 10-series C-acc,Blackstone Real Estate Income Trust iCapital Offshore Access Fund SPC,Real estate,Pooled vehicles,,USD
115093841,LU2367650327,Lumyna-Marshall Wace UCITS SICAV - MW TOPS UCITS Fund D-capitalisation,Lumyna-Marshall Wace UCITS SICAV - Lumyna-MW TOPS UCITS Fund,HF&PM,Pooled vehicles,Hedge funds,USD
125027780,XD1250277807,Blackstone Private Credit Fund iCapital  Offshore Access Fund SPC A-B-SP4-series C,Blackstone Private Credit Fund iCapital Offshore Access Fund SPC,HF&PM,Pooled vehicles,Private markets,USD
1099448,HK0941009539,Reg.shs China Mobile Ltd (941),China Mobile Limited,Equities,Direct investments,Common stock,HKD
239659,LU0049785792,UBS (Lux) Strategy Fund FCP - Balanced (USD) P-acc,UBS (Lux) Strategy Fund FCP - Balanced Sustainable (USD),Others,Pooled vehicles,Asset all funds,USD
2291324,CNE1000002H1,Shs -H- China Construction Bank Corp.           (939),China Construction Bank Corporation,Equities,Direct investments,Common stock,CNY
39218002,XD0392180028,Multi-Manager (Ireland) ICAV - Select Opp.  (ICAV - Ireland) Tranche A-USD-series 2-acc,Multi-Manager (Ireland) ICAV - Select Opportunities (ICAV - Ireland),HF&PM,Pooled vehicles,Hedge funds,USD
3050335,LU0286669428,Fidelity Funds SICAV - Asian High Yield Fund A-USD-Mdist,Fidelity Funds SICAV - Asian High Yield Fund,Bonds,Pooled vehicles,Straight bonds,USD
19217548,LU0809804775,JPMorgan Funds SICAV - Emerging Markets Debt Fund C-USD-Mdist,JPMorgan Funds SICAV - Emerging Markets Debt Fund,Bonds,Pooled vehicles,Straight bonds,USD
22479642,LU0969575561,Variopartner SICAV - MIV Global Medtech Fund P3-capitalisation,Variopartner SICAV - MIV Global Medtech Fund,Equities,Pooled vehicles,Common stock,USD
21513473,LU0941351255,UBS (Lux) Strategy Fund FCP - Balanced (USD) Q-acc,UBS (Lux) Strategy Fund FCP - Balanced Sustainable (USD),Others,Pooled vehicles,Asset all funds,USD
4733788,LU0403296170,UBS (Lux) Equity Fund - China Opportunity   (USD) Q-acc,UBS (Lux) Equity Fund FCP - China Opportunity (USD),Equities,Pooled vehicles,Common stock,USD
19584199,LU0830624010,Goldman Sachs Funds SICAV - Goldman Sachs India Equity Portfolio R-acc,Goldman Sachs Funds SICAV - Goldman Sachs India Equity Portfolio,Equities,Pooled vehicles,Common stock,USD
26647043,KYG217651051,Reg.shs CK Hutchison Holdings Ltd (1),CK Hutchison Holdings Ltd,Equities,Direct investments,Common stock,HKD
25027456,KYG2957T1168,A&Q Neutral Alpha Strategies XL Ltd J-USD-unrestricted series 1,A&Q Neutral Alpha Strategies XL Limited,HF&PM,Pooled vehicles,Hedge funds,USD
28342204,LU1240791100,UBS (Lux) Key Selection SICAV - Asian Global Strategy Balanced (USD) Q-acc,UBS (Lux) Key Selection SICAV - Asian Global Strategy Balanced (USD),Others,Pooled vehicles,Asset all funds,USD
28738532,LU1255011501,JPMorgan Funds SICAV - China A-Share Opportunities Fund C-USD-acc,JPMorgan Funds SICAV - China A-Share Opportunities Fund,Equities,Pooled vehicles,Common stock,USD
30381537,XD0303815373,A&Q Neutral Alpha Strategies XL Ltd Q-USD-restricted-series 1,A&Q Neutral Alpha Strategies XL Limited,HF&PM,Pooled vehicles,Hedge funds,USD
40010118,LU1747734678,AB FCP I FCP - American Income Portfolio WT-distribution,AB FCP I FCP - American Income Portfolio,Bonds,Pooled vehicles,Straight bonds,USD
41887067,US46090E1038,Invesco QQQ Trust Series I,Invesco QQQ Trust Series I,Equities,Pooled vehicles,Common stock,USD
38714645,LU1700711408,Robeco Capital Growth Funds SICAV - Robeco FinTech F-cap,Robeco Capital Growth Funds SICAV - Robeco FinTech,Equities,Pooled vehicles,Common stock,USD
42535525,LU1852197802,UBS Sustainable Investing Fund Yield - USD Q-acc,Multi Manager Access II SICAV - Sustainable Investing Yield,Others,Pooled vehicles,Asset all funds,USD
50073450,LU2050612154,JPMorgan Funds SICAV - Thematics - Genetic Therapies C2-USD-acc,JPMorgan Funds SICAV - Thematics - Genetic Therapies,Equities,Pooled vehicles,Common stock,USD
112156004,IE000UY4K5A0,UBS (Irl) Investor Selection Plc - O'Connor China Long/Short Alpha Strategies UCITS Q-PF,UBS (Irl) Investor Selection PLC - O'Connor China Long/Short Alpha Strategies UCITS,HF&PM,Pooled vehicles,Hedge funds,USD
113766580,LU2349435961,Select Inv. Series III SICAV - T. Rowe Price Responsible Health Sciences Eq. Fd Q-cap,Select Investment Series III SICAV - T. Rowe Price Health Sciences Equity Fund,Equities,Pooled vehicles,Common stock,USD
115096102,LU2367648859,Lumyna-Marshall Wace UCITS SICAV - TOPS UCITS Fund B-capitalisation,Lumyna-Marshall Wace UCITS SICAV - Lumyna-MW TOPS UCITS Fund,HF&PM,Pooled vehicles,Hedge funds,USD
125066657,XD1250666579,Blackstone Private Credit Fund iCap Offshore Access Fund SPC I-B-series C-distribution-SP4,Blackstone Private Credit Fund iCapital Offshore Access Fund SPC,HF&PM,Pooled vehicles,Private markets,USD
129578442,XS2700992204,Tracker Cert. UBS AG London 2023-18.10.2030 (ff.11.10.30) on UBS CIO Tech. Disrupt. EQ,"UBS AG, London Branch",Equities,Struct.prod.&wts,Common stock,USD
1079842,US9297401088,Reg.shs Westnghouse Air (WAB),Westinghouse Air Brake Technologies Corp (doing business as Wabtec Corp),Equities,Direct investments,Common stock,USD
567972,LU0072462426,BlackRock Global Funds SICAV - Global Allocation Fund A2-capitalisation,BlackRock Global Funds SICAV - Global Allocation Fund,Others,Pooled vehicles,Asset all funds,USD
16003554,KYG8551A1067,STRIPE 39 L.P.- Investing in Brookfield SREP III Total Capital Called,STRIPE 39 L.P.- Investing in Brookfield SREP III Total Capital Called,HF&PM,Pooled vehicles,Private markets,USD
16003553,QT0160035538,STRIPE 39 L.P.- Investing in Brookfield SREP III Net Commitment,STRIPE 39 L.P.- Investing in Brookfield SREP III Net Commitment,HF&PM,Pooled vehicles,Private markets,USD
115638086,US7802593050,Sponsored American Deposit Receipt Shell PLC (Repr 2 Shs)  (SHEL),Shell PLC,Equities,Direct investments,Common stock,EUR
16004833,QT0160048333,STRIPE 39 L.P.- Investing in Brookfield SREP III Unfunded Commitment,STRIPE 39 L.P.- Investing in Brookfield SREP III Net Commitment,HF&PM,Pooled vehicles,Private markets,USD
23606196,US47215P1066,Sponsored American Deposit Receipt JD.com Inc. (Repr. 2 shs  -A-)  (JD),JD.com Inc,Equities,Direct investments,Common stock,USD
16004007,KYG8551P1037,STRIPE 61 Ltd. - Investing in H.I.G. WhiteHorse Principal Outstanding Shares,STRIPE 61 Ltd. - Investing in H.I.G. WhiteHorse Principal Outstanding Shares,HF&PM,Pooled vehicles,Private markets,USD
16004006,QT0160040066,STRIPE 61 Ltd. - Investing in H.I.G. WhiteHorse Principal Net Commitment,STRIPE 61 Ltd. - Investing in H.I.G. WhiteHorse Principal Net Commitment,HF&PM,Pooled vehicles,Private markets,USD
16004008,QT0160040082,STRIPE 61 Ltd. - Investing in H.I.G. WhiteHorse Principal Unfunded Commitment,STRIPE 61 Ltd. - Investing in H.I.G. WhiteHorse Principal Unfunded Commitment,HF&PM,Pooled vehicles,Private markets,USD
16004058,KYG8551T1058,STRIPE 63 Ltd - Investing in Insight XI Outstanding Shares,STRIPE 63 Ltd. - Investing in Insight XI Outstanding Shares,HF&PM,Pooled vehicles,Private markets,USD
16004069,IE00BJRFWW63,STRIPE 65 - Investing in BREP Europe VI Outstanding Shares,STRIPE 65 - Investing in BREP Europe VI Outstanding Shares,HF&PM,Pooled vehicles,Private markets,EUR
16004068,QT0160040686,STRIPE 65 - Investing in BREP Europe VI Net Commitment,STRIPE 65 - Investing in BREP Europe VI Net Commitment,HF&PM,Pooled vehicles,Private markets,EUR
16004059,QT0160040595,STRIPE 63 Ltd - Investing in Insight XI Unfunded Commitment,STRIPE 63 Ltd. - Investing in Insight XI Unfunded Commitment,HF&PM,Pooled vehicles,Private markets,USD
16004070,QT0160040702,STRIPE 65 - Investing in BREP Europe VI Unfunded Commitment,STRIPE 65 - Investing in BREP Europe VI Unfunded Commitment,HF&PM,Pooled vehicles,Private markets,EUR
16004057,QT0160040579,STRIPE 63 Ltd. - Investing in Insight XI Net Commitment,STRIPE 63 Ltd. - Investing in Insight XI Net Commitment,HF&PM,Pooled vehicles,Private markets,USD
16004086,KYG853981085,STRIPE 66 Ltd - Investing in Clearlake CP VI Outstanding Shares,STRIPE 66 Ltd. - Investing in Clearlake CP VI Outstanding Shares,HF&PM,Pooled vehicles,Private markets,USD
16004085,QT0160040850,STRIPE 66 Ltd. - Investing in Clearlake CP VI Net Commitment,STRIPE 66 Ltd. - Investing in Clearlake CP VI Net Commitment,HF&PM,Pooled vehicles,Private markets,USD
16004087,QT0160040876,STRIPE 66 Ltd - Investing in Clearlake CP VI Unfunded Commitment,STRIPE 66 Ltd. - Investing in Clearlake CP VI Unfunded Commitment,HF&PM,Pooled vehicles,Private markets,USD
110004428,XD1100044282,Blackstone Real Estate Income Trust iCapital Offshore Access Fund SPC SP4 A-series C-dist,Blackstone Real Estate Income Trust iCapital Offshore Access Fund SPC,Real estate,Pooled vehicles,,USD
16004456,IE0002GMH078,STRIPE 87 - Investing in UBS PG Joint Initiative Outstanding Shares,STRIPE 87 - Investing in UBS PG Joint Initiative Outstanding Shares,HF&PM,Pooled vehicles,Private markets,USD
16004457,QT0160044571,STRIPE 87 - Investing in UBS PG Joint Initiative Unfunded Commitment,STRIPE 87 - Investing in UBS PG Joint Initiative Unfunded Commitment,HF&PM,Pooled vehicles,Private markets,USD
16004455,QT0160044555,STRIPE 87 - Investing in UBS PG Joint Initiative Net Commitment,STRIPE 87 - Investing in UBS PG Joint Initiative Net Commitment,HF&PM,Pooled vehicles,Private markets,USD
16004463,KYG8557M1042,STRIPE 90 - Investing in Insight XII Outstanding Shares,STRIPE 90 - Investing in Insight XII Outstanding Shares,HF&PM,Pooled vehicles,Private markets,USD
16004462,QT0160044621,STRIPE 90 - Investing in Insight XII Net Commitment,STRIPE 90 - Investing in Insight XII Net Commitment,HF&PM,Pooled vehicles,Private markets,USD
16004464,QT0160044647,STRIPE 90 - Investing in Insight XII Unfunded Commitment,STRIPE 90 - Investing in Insight XII Unfunded Commitment,HF&PM,Pooled vehicles,Private markets,USD
16005103,QT0160051030,STRIPE 121 - Class A Investing in Thoma Bravo XVI Net Commitment,STRIPE 121 - Class A Investing in Thoma Bravo XVI Net Commitment,HF&PM,Pooled vehicles,Private markets,USD
16005105,QT0160051055,STRIPE 121 - Class A Investing in Thoma Bravo XVI Unfunded Commitment,STRIPE 121 - Class A Investing in Thoma Bravo XVI Unfunded Commitment,HF&PM,Pooled vehicles,Private markets,USD
105196562,QT1051965627,Rev. Accumulator UBSG 2024-14.07.2025 (ff 10.07.25) 1810 (HKD 19.8419/14.778),"UBS AG, Singapore Branch",Equities,OTC ACCU & DEC,Common stock,HKD
105203686,QT1052036865,Rev. Accumulator UBSG 2024-21.07.2025 (ff 17.07.25) 1810 (HKD 20.4859/15.156),"UBS AG, Singapore Branch",Equities,OTC ACCU & DEC,Common stock,HKD
50267922,IE00BD71WL15,Algebris UCITS Funds Plc - Financial Credit Fund Cd-EUR,Algebris UCITS Funds PLC - Algebris Financial Credit Fund,Bonds,Pooled vehicles,Contingent Convertible Bond,EUR
110046151,XD1100461510,Blackstone Real Estate Income Trust iCapital Offshore Access Fund SPC SP 2 I-series C-dist,Blackstone Real Estate Income Trust iCapital Offshore Access Fund SPC,Real estate,Pooled vehicles,,USD
117747770,JE00BN4PS748,Kedge Focus Fund Limited A5-USD-acc,Kedge Focus Fund Limited,HF&PM,Pooled vehicles,Hedge funds,USD
507170,FR0000121014,Shs LVMH Moet Hennessy Louis Vuitton SE (MC),LVMH Moet Hennessy Louis Vuitton SE,Equities,Direct investments,Common stock,EUR
3106596,SG1V61937297,Reg.shs Singapore Airlines Ltd (C6L),Singapore Airlines Ltd,Equities,Direct investments,Common stock,SGD
779007,MYL2488OO004,Reg.shs Alliance Bank Malaysia Bhd   (ABMB),Alliance Bank Malaysia Bhd,Equities,Direct investments,Common stock,MYR
27956317,BMG9604B1090,Reg.shs Wuling Motors Holdings Ltd                    (305),Wuling Motors Holdings Ltd,Equities,Direct investments,Common stock,HKD
1211918,LU0122376428,BlackRock Global Funds SICAV - World Energy Fund A2-capitalisation,BlackRock Global Funds SICAV - World Energy Fund,Equities,Pooled vehicles,Common stock,USD
2598225,SG1T66931158,Stapled security CDL Hospitality Cons of 1 Tr Ut CDL Hosp REIT + 1 Tr Ut CDL Hos p BT (J85),CDL Hospitality Real Estate Investment Trust/CD L Hospitality Business Trust,Equities,Direct investments,Common stock,SGD
3390792,LU0239683559,Morgan Stanley Investment Funds SICAV - Global Brands Fund AX-distribution,Morgan Stanley Investment Funds SICAV - Global Brands Fund,Equities,Pooled vehicles,Common stock,USD
13212805,HK0000081932,Schroder Umbrella Fund II - Schroder Asian Asset Income Fund A-USD,Schroder Umbrella Fund II - Schroder Asian Asset Income Fund,Others,Pooled vehicles,Asset all funds,USD
19204421,SG2F08984575,Stapled Security Far East Hospitality Trust H-REIT + H-BT    (Q5T),Far East Hospitality Trust,Equities,Direct investments,Common stock,SGD
20086084,IE00B91X6F72,PIMCO Funds Global Investors Series Plc - Income Fund USD,PIMCO Funds Global Investors Series PLC - Income Fund,Bonds,Pooled vehicles,Others,USD
20240345,LU0868494708,UBS (Lux) Equity SICAV - US Total Yield Sust. (USD) P-dist,UBS (Lux) Equity SICAV - US Total Yield Sustainable (USD),Equities,Pooled vehicles,Common stock,USD
21929889,IE00BC9S3Z47,Franklin Templeton Gbl Fds plc - Western Asset Macro Opp. BD A-USD-acc,Franklin Templeton Global Funds PLC - FTGF Western Asset Macro Opportunities Bond Fund,HF&PM,Pooled vehicles,Hedge funds,USD
13195830,LU0629158030,Wellington Management Fds (Lux) III SICAV - Gbl Quality Growth Fd S-unhedged-capitalisation,Wellington Management Funds (Luxembourg) III SICAV - Wellington Global Quality Growth Fund,Equities,Pooled vehicles,Common stock,USD
50072717,LU2050612402,JPMorgan Funds SICAV - Thematics - Genetic Therapies A-USD-acc,JPMorgan Funds SICAV - Thematics - Genetic Therapies,Equities,Pooled vehicles,Common stock,USD
50872428,AU3CB0268159,2.65% Medium Term Notes Verizon Communications Inc. 2019-06.05.2030,Verizon Communications Inc,Bonds,Direct investments,Straight bonds,AUD
51215417,AU3CB0268357,2.95% Qantas Airways Ltd 2019-27.11.2029,Qantas Airways Ltd,Bonds,Direct investments,Straight bonds,AUD
56801443,AU3CB0274173,2.90% Medium Term Notes Aurizon Network Pty Ltd 2020-02.09.30,Aurizon Network Pty Ltd,Bonds,Direct investments,Straight bonds,AUD
58823722,AU3CB0276517,2.20% Medium Term Notes NBN Co. Ltd 2020-16.12.2030,NBN Co Ltd,Bonds,Direct investments,Straight bonds,AUD
110020110,XD1100201106,Blackstone Real Estate Income Trust iCapital Offshore Access Fund SPC I-series C-SP3-acc,Blackstone Real Estate Income Trust iCapital Offshore Access Fund SPC,Real estate,Pooled vehicles,,USD
59600014,CH0596000148,Perles UBS 2021-20.03.2028 (ff 13.03.28) Greentech glob. USD,UBS AG,Equities,Struct.prod.&wts,Common stock,USD
120696065,AU3CB0291284,6.322% MTN National Australia Bank Ltd 2022-03.08.2032 Fixed/Floating Rate,National Australia Bank Ltd,Bonds,Direct investments,Straight bonds,AUD
124130548,LU2571548747,Brookfield Oaktree Wealth Sol. Alt. Fd SA SICAV UCI Part II - Infr. Income Fund B-acc,Brookfield Oaktree Wealth Solutions Alternative Funds SA SICAV UCI Part II - Brookfield Infrastructure Income Fund,HF&PM,Pooled vehicles,Private markets,USD
124994912,XD1249949128,Blackstone Private Credit Fund iCap Offshore Access Fund SPC A-B-series C-acc-SP1,Blackstone Private Credit Fund iCapital Offshore Access Fund SPC,HF&PM,Pooled vehicles,Private markets,USD
126902046,AU3CB0299352,5.845% Notes Australia & New Zealand Banking Group Ltd 2023-16.05.2033,Australia & New Zealand Banking Group Ltd,Bonds,Direct investments,Straight bonds,AUD
128258112,XD1282581127,KKR Private Markets Equity Fund SICAV SA - K-PRIME Feeder-I N-series June 2023-cap.,KKR Private Markets Equity Fund SICAV SA - K-PRIME Feeder-I,HF&PM,Pooled vehicles,Private markets,USD
130257524,AU3CB0303543,5.762% Notes Woolworths Group Ltd 2023-18.04.2031,Woolworths Group Ltd,Bonds,Direct investments,Straight bonds,AUD
133981722,AU3CB0308146,5.408% Notes Ausgrid Finance Pty Ltd 2024-28.03.2031,Ausgrid Finance Pty Ltd,Bonds,Direct investments,Straight bonds,AUD
288080,CH0002880802,Metal account silver OZS Min.finess 999 Loco Zurich Pro Memoria,Metallkonto,PMC,Account,Precious metals,XAG
3371410,LU0319687124,Amundi Funds SICAV - Volatility World AU-capitalisation,Amundi Funds SICAV - Volatility World,HF&PM,Pooled vehicles,Hedge funds,USD
10627405,IE00B42NVC37,Polar Capital Funds Plc - Global Technology I-USD,Polar Capital Funds PLC - Global Technology Fund,Equities,Pooled vehicles,Common stock,USD
11943292,LU0552552704,BlackRock Global Funds SICAV - US Dollar High Yield Bond Fund D2-capitalisation,BlackRock Global Funds SICAV - US Dollar High Yield Bond Fund,Bonds,Pooled vehicles,Straight bonds,USD
18401081,LU0773644637,JPMorgan Funds SICAV - Emerging Markets Debt Fund C-USD-acc,JPMorgan Funds SICAV - Emerging Markets Debt Fund,Bonds,Pooled vehicles,Straight bonds,USD
21366058,IE00B6VH4D24,PIMCO Funds Global Investors Series Plc - PIMCO Capital Secs Fund USD-inst-acc,PIMCO Funds Global Investors Series PLC - PIMCO Capital Securities Fund,Bonds,Pooled vehicles,Contingent Convertible Bond,USD
24161018,SG6PF2000000,5.55% Regd.Notes Swiber Holdings Ltd 2014-10.10.2016 in default/in liquidation,Swiber Holdings Ltd,Bonds,Direct investments,Straight bonds,SGD
22439698,CH0224396983,1.25% Swiss Confederation 2014-28.05.2026,Schweizerische Eidgenossenschaft,Bonds,Direct investments,Straight bonds,CHF
22439717,CH0224397171,0.50% Swiss Confederation 2015-27.05.2030,Schweizerische Eidgenossenschaft,Bonds,Direct investments,Straight bonds,CHF
30372463,LU1323611266,UBS (Lux) Equity SICAV - Long Term Themes (USD) Q-acc,UBS (Lux) Equity SICAV - Long Term Themes (USD),Equities,Pooled vehicles,Common stock,USD
35259549,SG77J3000002,4 % Notes KrisEnergy Ltd 2017-22.08.2023 Var.Rate Reg S -In Default- in Liquidation,KrisEnergy Ltd,Bonds,Direct investments,Float rate note,SGD
39991342,LU1747735642,AB FCP I FCP - Global High Yield Portfolio W2-capitalisation,AB FCP I FCP - Global High Yield Portfolio,Bonds,Pooled vehicles,Straight bonds,USD
42535561,LU1852198792,UBS Sustainable Investing Fund Balanced - USD Q-acc,Multi Manager Access II SICAV - Sustainable Investing Balanced,Others,Pooled vehicles,Asset all funds,USD
44805159,KYG9179K1610,UBS (Cay) China A Opportunity Q,UBS (Cay) China A Opportunity,Equities,Pooled vehicles,Common stock,USD
49645211,LU2045769127,Pictet SICAV - Pictet-Global Environmental Opportunities H1 D1-USD-capitalisation,Pictet SICAV - Pictet-Global Environmental Opportunities,Equities,Pooled vehicles,Common stock,USD
49375091,LU2038518630,JPMorgan Funds SICAV - Global Bond Opportunities Fund C2-USD-acc,JPMorgan Funds SICAV - Global Bond Opportunities Fund,Bonds,Pooled vehicles,Straight bonds,USD
48202650,IE00BZ978R94,Algebris UCITS Funds Plc - Algebris Financial Credit Fund C-USD-acc,Algebris UCITS Funds PLC - Algebris Financial Credit Fund,Bonds,Pooled vehicles,Contingent Convertible Bond,USD
45165905,IE00BGSXQQ02,PIMCO Funds: Gbl Investors S. Plc - Asia High Yield Bond Fd Institutional-USD-acc,PIMCO Funds Global Investors Series PLC - PIMCO Asia High Yield Bond Fund,Bonds,Pooled vehicles,Straight bonds,USD
58848816,LU2258287502,Robeco Capital Growth Funds SICAV - Robeco Smart Energy X-USD-capitalisation,Robeco Capital Growth Funds SICAV - Robeco Smart Energy,Equities,Pooled vehicles,Common stock,USD
59799236,XS2295983410,2.45% China OGOF IV (Cayman) Ltd 2021-09.02.2026 Guaranteed,China Overseas Grand Oceans Finance IV (Cayman) Limited,Bonds,Direct investments,Straight bonds,USD
59917560,XD0599175607,Blackstone Real Estate Income Trust iCapital Offshore Access Fund SPC 3 I-series C-distribution,Blackstone Real Estate Income Trust iCapital Offshore Access Fund SPC,Real estate,Pooled vehicles,,USD
114057005,IE0009OOYI25,PineBridge Global Funds - Asia Pacific Investment Grade Bond Fund SR-USD-acc,PineBridge Global Funds - PineBridge Asia Pacific Investment Grade Bond Fund,Bonds,Pooled vehicles,Straight bonds,USD
119466239,QT1029242026,Reg.shs Equatoriale Holdings Limited,Equatoriale Holdings Limited,Equities,Direct investments,Common stock,USD
1102899,US29362U1043,Reg.shs Entegris Inc. (ENTG),Entegris Inc,Equities,Direct investments,Common stock,USD
1413346,US64110L1061,Reg.shs Netflix Inc.     (NFLX),Netflix Inc,Equities,Direct investments,Common stock,USD
2107726,US2521311074,Reg.shs Dexcom Inc. (DXCM),Dexcom Inc,Equities,Direct investments,Common stock,USD
3826452,US92826C8394,Reg.shs -A- Visa Inc.     (V),Visa Inc,Equities,Direct investments,Common stock,USD
49563753,US18915M1071,Reg.shs -A- Cloudflare Inc. (NET),Cloudflare Inc,Equities,Direct investments,Common stock,USD
14917609,US30303M1027,Reg.shs -A- Meta Platforms Inc (META),Meta Platforms Inc,Equities,Direct investments,Common stock,USD
18868154,US81762P1021,Reg.shs ServiceNow Inc. (NOW),ServiceNow Inc,Equities,Direct investments,Common stock,USD
22339711,US45866F1049,Reg.shs Intercontinental Exchange Inc. (ICE),Intercontinental Exchange Inc,Equities,Direct investments,Common stock,USD
22860122,US90400D1081,Reg.shs Ultragenyx Pharmaceuticals Inc. (RARE),Ultragenyx Pharmaceutical Inc,Equities,Direct investments,Common stock,USD
27926256,CA82509L1076,Reg.shs -A- Shopify Inc (SHOP),Shopify Inc,Equities,Direct investments,Common stock,USD
30143936,US8522341036,Reg.shs -A- Block Inc . (XYZ),Block Inc,Equities,Direct investments,Common stock,USD
36082513,US6792951054,Reg.shs -A- Okta Inc.     (OKTA),Okta Inc,Equities,Direct investments,Common stock,USD
40769307,LU1778762911,Reg.shs Spotify Technology S.A.          (SPOT),Spotify Technology S.A.,Equities,Direct investments,Common stock,EUR
47459333,US90353T1007,Reg.shs Uber Technologies Inc. (UBER),Uber Technologies Inc,Equities,Direct investments,Common stock,USD
49718937,US23804L1035,Reg.shs -A- Datadog Inc. (DDOG),Datadog Inc,Equities,Direct investments,Common stock,USD
58365265,US25809K1051,Reg shs -A- DoorDash Inc. (DASH),DoorDash Inc,Equities,Direct investments,Common stock,USD
114658358,KYG6683N1034,Reg.shs -A- Nu Holdings Ltd (NU),Nu Holdings Limited,Equities,Direct investments,Common stock,USD
114982648,US79589L1061,Reg.shs -A- Samsara Inc. (IOT),Samsara Inc,Equities,Direct investments,Common stock,USD
121756947,US0494681010,Reg.shs -A- Atlassian Corp. (TEAM),Atlassian Corp,Equities,Direct investments,Common stock,USD
903491,US0079031078,Reg.shs Advanced Micro Devices Inc. (AMD),Advanced Micro Devices Inc,Equities,Direct investments,Common stock,USD
47103960,US72352L1061,Reg.shs -A- Pinterest Inc. (PINS),Pinterest Inc,Equities,Direct investments,Common stock,USD
47787541,US54951L1098,Sponsored American Deposit Share Luckin Coffee Inc. (Repr 8 Shs -A-)     (LK),Luckin Coffee Inc,Equities,Direct investments,Common stock,USD
11869921,US8740801043,Sponsored American Deposit Receipt TAL Education Group (Repr 1/3 Sh  -A-  )  (TAL),TAL Education Group,Equities,Direct investments,Common stock,USD
25949497,US00214Q3020,ARK Genomic Revolution Multi-Sector ETF Fund,ARK Genomic Revolution ETF,Equities,Pooled vehicles,Common stock,USD
41112361,US11135F1012,Reg.shs Broadcom Inc. (AVGO),Broadcom Inc,Equities,Direct investments,Common stock,USD
42826115,US7223041028,Sponsored American Deposit Share PDD Holdings Incorporation (Repr 4 Shs -A-) (PDD),PDD Holdings Incorporation,Equities,Direct investments,Common stock,USD
50914799,US26853E1029,Sponsored American Deposit Share EHang Holdings Ltd (Repr 2 Shs -A-) (EH),EHang Holdings Ltd,Equities,Direct investments,Common stock,USD
58353386,US69269L1044,Sponsored American Deposit Receipt Ozon Holdings PLC (Repr 1 Sh) (OZON),Ozon Holdings PLC,Equities,Direct investments,Common stock,USD
110138377,US53216B1044,Reg.shs  LifeMD Inc. (LFMD),LifeMD Inc,Equities,Direct investments,Common stock,USD
111229262,US5738741041,Reg.shs Marvell Technology Inc. (MRVL),Marvell Technology Inc,Equities,Direct investments,Common stock,USD
111854151,US83406F1021,Reg.shs SoFi Technologies Inc. (SOFI),SoFi Technologies Inc,Equities,Direct investments,Common stock,USD
112854138,US4234031049,Sponsored American Deposit Receipt Hello Group Inc (Repr 2 Shs -A-) (MOMO),Hello Group Inc,Equities,Direct investments,Common stock,USD
113133115,KYG651631007,Reg.shs Joby Aviation Incorporation (JOBY),Joby Aviation Incorporation,Equities,Direct investments,Common stock,USD
112870399,US7731221062,Reg.shs -A- Rocket Lab USA Inc. (RKLB),Rocket Lab USA Inc,Equities,Direct investments,Common stock,USD
113428209,US44486Q1031,Reg.shs Humacyte Inc (HUMA),Humacyte Inc,Equities,Direct investments,Common stock,USD
115344461,KYG8062L1041,Reg.shs SenseTime Group Inc. Unitary 144A/Reg S(0020),SenseTime Group Inc.,Equities,Direct investments,Common stock,USD
118053836,US6475812060,Sponsored American Deposit Receipt New Orient Edu & Te (repr 10 Shs) (N1UA),New Oriental Education & Technology Group Inc,Equities,Direct investments,Common stock,USD
126391974,US68989M2026,Reg.shs Ouster Inc. (OUST),Ouster Inc,Equities,Direct investments,Common stock,USD
128499088,US46438F1012,IShares Bitcoin Trust iShares Bitcoin Trust ETF Shs Benef Int,IShares Bitcoin Trust,Liquidity,Pooled vehicles,Crypto,USD
138624448,US86800U3023,Reg.shs Super Micro Computer Inc. (SMCI),Super Micro Computer Inc,Equities,Direct investments,Common stock,USD
1058002,HK0992009065,Reg.shs Lenovo Group Ltd (992),Lenovo  Group Ltd,Equities,Direct investments,Common stock,HKD
143591152,CNE100006V65,Reg.shs-H China Tower Corporation Limited (788),China Tower Corporation Limited,Equities,Direct investments,Common stock,CNY
2011708,CNE1000004Y2,Shs -H- ZTE Corp. (763),ZTE Corporation,Equities,Direct investments,Common stock,CNY
10774335,KYG7800X1079,Shs Sands China Ltd Unitary 144A/Reg S (1928),Sands China Ltd,Equities,Direct investments,Common stock,USD
941595,US4581401001,Reg.shs Intel Corp.     (INTC),Intel Corp,Equities,Direct investments,Common stock,USD
724641,US8740391003,Sponsored American Deposit Receipt Taiwan Semicon. Manuf.Co Ltd (Repr. 5 shs)     (TSM),Taiwan Semiconductor Manufacturing Co Ltd,Equities,Direct investments,Common stock,TWD
140294813,LU2926063467,CVC Private Equity Strategies Funds S.A. SICAV-Global Private Equity I-EUR-capitalisation,CVC Private Equity Strategies Funds S.A. SICAV - CVC-PE Global Private Equity,HF&PM,Pooled vehicles,Private markets,EUR
139830473,US3899302075,Grayscale Bitcoin Mini Trust ETF New,Grayscale Bitcoin Mini Trust ETF,Liquidity,Pooled vehicles,Crypto,USD
139830476,US38964R2031,Grayscale Ethereum Mini Trust ETF New,Grayscale Ethereum Mini Trust ETF,Liquidity,Pooled vehicles,Crypto,USD
461641,US6701002056,Sponsored American Deposit Receipt Novo Nordisk A/S (Repr. 1 shs -B-)     (NVO),Novo Nordisk A/S,Equities,Direct investments,Common stock,DKK
119807931,LU2490080954,BlackRock Global Funds SICAV - Systematic Eq High Income Fd D6-distribution,BlackRock Global Funds SICAV - Systematic Global Equity High Income Fund,Equities,Pooled vehicles,Common stock,USD
140765584,XS2931092733,23.38% Autocall Barrier RCN BARC 2025-28.07.2025 Palantir Tchnl-A Rg/Nvidia,Barclays Bank PLC,Equities,Struct.prod.&wts,Common stock,USD
105239580,QT1052395808,"Accumulator UBS AG, SG Br. (SG) 2025-20.01.2026 (ff 16.01.26) OXY (USD 46.0352/54.81)","UBS AG, Singapore Branch",Equities,OTC ACCU & DEC,Common stock,USD
140937675,XS2963811448,11.76% Autocallable RCN GSI 2025-07.05.2025 Occid.Petrol,Goldman Sachs International,Equities,Struct.prod.&wts,Common stock,USD
142886873,XS2987773632,Citi Glob. Mrkt (LU) 2025-20.06.2025 Occid.Petrol,Citigroup Global Markets Funding Luxembourg S.C.A.,Equities,Struct.prod.&wts,Common stock,USD
140974171,XD1409741711,Apollo Debt Solutions BDC iCapital Offshore Access Fund SPC SP 3 I-B-series 08/2024-acc,Apollo Debt Solutions BDC iCapital Offshore Access Fund SPC,HF&PM,Pooled vehicles,Private markets,SGD
142535605,CH1425356057,"5% SGD DCN UBS AG, Jersey (JE) 2025-16.05.2025 (ff 14.05.25) USD/SGD (SGD 1.3063)","UBS AG, Jersey Branch",Liquidity,Struct.prod.&wts,FX Investments,SGD
137531080,US912810UD80,4.125% US Treasury Bonds 2024-15.08.2044,United States of America,Bonds,Direct investments,Straight bonds,USD
940052,LU0088277610,JPMorgan Liquidity Funds SICAV -USD Standard Money Market VNAV Fd C-acc.,JPMorgan Liquidity Funds SICAV - USD Standard Money Market VNAV Fund,Liquidity,Pooled vehicles,MM investments,USD
1512295,LU0157308031,AB FCP I FCP - American Income Portfolio AT,AB FCP I FCP - American Income Portfolio,Bonds,Pooled vehicles,Straight bonds,USD
26182170,LU1128926489,JPMorgan Funds SICAV- Income JPM A(mth)-USD-dist,JPMorgan Funds SICAV - Income Fund,Bonds,Pooled vehicles,Others,USD
141620161,XS2979686297,5.375% EMTN Rizal Commercial Banking Corp. 2025-29.01.2030,Rizal Commercial Banking Corp.,Bonds,Direct investments,Straight bonds,USD
3433492,KYG126521064,Reg.shs Bosideng International Holdings Ltd   (3998),Bosideng International Holdings Ltd,Equities,Direct investments,Common stock,USD
56518458,US4824971042,Sponsored American Deposit Shares KE Holdings Inc. (Repr 3 Shs -A-) (BEKE),KE Holdings Inc,Equities,Direct investments,Common stock,USD
136202340,BMG0133U1229,Reg.shs Aidigong Maternal & Child Health Ltd (286),Aidigong Maternal & Child Health Limited,Equities,Direct investments,Common stock,HKD
138733941,LU2912353955,S64 AltoFlex VI Private Markets SICAV -Hg Fusion Pvt. Capital Fd F2 EUR-S. January 2025-acc,S64 AltoFlex VI Private Markets SICAV - Hg Fusion Private Capital Fund,HF&PM,Pooled vehicles,Private markets,EUR