Pos as of Date ,Masked ID,Position Type,Valor of the instrument (for SEC only),Market Value of the instrument,Instrument Ccy
Nov-24,A2JBHDVRR2FK5VWA,SEC,12438228,82443,SGD
Nov-24,A2JBHDVRR2FK5VWA,SEC,20086074,60010,IDR
Nov-24,A2JBHDVRR2FK5VWA,SEC,26033639,137819,HKD
Nov-24,A2JBHDVRR2FK5VWA,SEC,38584636,98810,USD
Nov-24,A2JBHDVRR2FK5VWA,Cash,100,0,CNY
Nov-24,A2JBHDVRR2FK5VWA,Cash,100,9171.5,SGD
Nov-24,A2JBHDVRR2FK5VWA,Cash,100,0,IDR
Nov-24,A2JBHDVRR2FK5VWA,Cash,100,14877.31,USD
Nov-24,A2JBHDVRR2FK5VWA,Cash,100,116.74,HKD
Nov-24,A2JBHDVRR2FK5VWA,Cash,100,0,EUR
Nov-24,A2JBHDVRR2FK5VWA,Cash,100,0,JPY
Nov-24,A2PBHDVRR2CQCENA,SEC,591600,337440,AUD
Nov-24,A2PBHDVRR2CQCENA,SEC,591600,122659,USD
Nov-24,A2PBHDVRR2CQCENA,SEC,411161,37640,HKD
Nov-24,A2PBHDVRR2CQCENA,SEC,2195292,20830,HKD
Nov-24,A2PBHDVRR2CQCENA,SEC,27931966,1393,HKD
Nov-24,A2PBHDVRR2CQCENA,SEC,36415859,349515,USD
Nov-24,A2PBHDVRR2CQCENA,SEC,41207670,71124,USD
Nov-24,A2PBHDVRR2CQCENA,SEC,56801627,8949,USD
Nov-24,A2PBHDVRR2CQCENA,SEC,132899372,99553,USD
Nov-24,A2PBHDVRR2CQCENA,Cash,100,4194.72,HKD
Nov-24,A2PBHDVRR2CQCENA,Cash,100,0,EUR
Nov-24,A2PBHDVRR2CQCENA,Cash,100,-41.05,USD
Nov-24,A2PBHDVRR2CQCENA,Cash,100,0,AUD
Nov-24,A2PBHDVRR2CQCENA,Cash,100,0,NZD
Nov-24,A2PBHDVRR2CQCENA,Cash,100,0,GBP
Nov-24,A2WBHDVRR2FFKQNA,SEC,29558853,11190,SGD
Nov-24,A2WBHDVRR2FFKQNA,Cash,100,0,USD
Nov-24,A2WBHDVRR2FFKQNA,Cash,100,0,EUR
Nov-24,A2WBHDVRR2FFKQNA,Cash,100,1195.24,SGD
Nov-24,A2WBHDVRR2FFKQNA,Cash,100,0,HKD
Nov-24,A3FBHDVRR2FKRHHA,SEC,591600,68347,AUD
Nov-24,A3FBHDVRR2FKRHHA,SEC,591600,164818,HKD
Nov-24,A3FBHDVRR2FKRHHA,SEC,591600,301583,EUR
Nov-24,A3FBHDVRR2FKRHHA,SEC,984192,191620,USD
Nov-24,A3FBHDVRR2FKRHHA,SEC,2340620,195022,USD
Nov-24,A3FBHDVRR2FKRHHA,SEC,43359089,173591,USD
Nov-24,A3FBHDVRR2FKRHHA,SEC,10873658,7248,IDR
Nov-24,A3FBHDVRR2FKRHHA,SEC,21815311,305234,USD
Nov-24,A3FBHDVRR2FKRHHA,SEC,16003120,0,USD
Nov-24,A3FBHDVRR2FKRHHA,SEC,16003121,208896,USD
Nov-24,A3FBHDVRR2FKRHHA,SEC,38497535,593741,USD
Nov-24,A3FBHDVRR2FKRHHA,SEC,44023672,337937,USD
Nov-24,A3FBHDVRR2FKRHHA,SEC,51116731,50088,HKD
Nov-24,A3FBHDVRR2FKRHHA,SEC,16004805,0,USD
Nov-24,A3FBHDVRR2FKRHHA,Cash,100,42760.85,IDR
Nov-24,A3FBHDVRR2FKRHHA,Cash,100,-12,USD
Nov-24,A3FBHDVRR2FKRHHA,Cash,100,0,EUR
Nov-24,A3FBHDVRR2FKRHHA,Cash,100,0,JPY
Nov-24,A3FBHDVRR2FKRHHA,Cash,100,0,HKD
Nov-24,A3FBHDVRR2FKRHHA,Cash,100,0,CHF
Nov-24,A3FBHDVRR2FKRHHA,Cash,100,0,SGD
Nov-24,A3FBHDVRR2FKRHHA,Cash,100,0,AUD
Nov-24,A3FBHDVSRGFTE49A,SEC,357850,396878,USD
Nov-24,A3FBHDVSRGFTE49A,SEC,2546720,295400,USD
Nov-24,A3FBHDVSRGFTE49A,SEC,47922753,51352,EUR
Nov-24,A3FBHDVSRGFTE49A,SEC,110098380,188374,USD
Nov-24,A3FBHDVSRGFTE49A,SEC,123722421,49061,USD
Nov-24,A3FBHDVSRGFTE49A,SEC,128604738,142988,EUR
Nov-24,A3FBHDVSRGFTE49A,Cash,100,1455.23,USD
Nov-24,A3FBHDVSRGFTE49A,Cash,100,1772.63,EUR
Nov-24,A3GBHDVS6BD6NEEA,SEC,110235122,80,USD
Nov-24,A3GBHDVS6BD6NEEA,SEC,111548840,36907,USD
Nov-24,A3GBHDVS6BD6NEEA,SEC,111547530,33360,USD
Nov-24,A3GBHDVS6BD6NEEA,Cash,100,2154.57,USD
Nov-24,A3XBHDVT653CGGDA,SEC,1733905,16203,HKD
Nov-24,A3XBHDVT653CGGDA,SEC,1842714,14480,HKD
Nov-24,A3XBHDVT653CGGDA,SEC,1714873,43253,HKD
Nov-24,A3XBHDVT653CGGDA,SEC,3851175,92162,HKD
Nov-24,A3XBHDVT653CGGDA,SEC,3179959,19454,HKD
Nov-24,A3XBHDVT653CGGDA,SEC,3919628,10352,HKD
Nov-24,A3XBHDVT653CGGDA,SEC,10724764,9223,HKD
Nov-24,A3XBHDVT653CGGDA,SEC,11872025,56036,HKD
Nov-24,A3XBHDVT653CGGDA,SEC,14425550,9750,HKD
Nov-24,A3XBHDVT653CGGDA,SEC,2178592,11361,HKD
Nov-24,A3XBHDVT653CGGDA,SEC,24014323,80861,HKD
Nov-24,A3XBHDVT653CGGDA,SEC,25867521,7003,HKD
Nov-24,A3XBHDVT653CGGDA,SEC,27577632,42359,HKD
Nov-24,A3XBHDVT653CGGDA,SEC,27576430,15119,HKD
Nov-24,A3XBHDVT653CGGDA,SEC,28906749,7716,HKD
Nov-24,A3XBHDVT653CGGDA,SEC,34326293,11545,USD
Nov-24,A3XBHDVT653CGGDA,SEC,38383802,12307,HKD
Nov-24,A3XBHDVT653CGGDA,SEC,43648956,12299,HKD
Nov-24,A3XBHDVT653CGGDA,SEC,51116731,40315,HKD
Nov-24,A3XBHDVT653CGGDA,SEC,55256713,11223,HKD
Nov-24,A3XBHDVT653CGGDA,SEC,54540945,53435,USD
Nov-24,A3XBHDVT653CGGDA,SEC,58316884,18888,HKD
Nov-24,A3XBHDVT653CGGDA,Cash,100,21220.43,HKD
Nov-24,A3XBHDVT653CGGDA,Cash,100,17580.99,USD
Nov-24,A4BBHDVR5RUT4PUA,SEC,591600,11793306,USD
Nov-24,A4BBHDVR5RUT4PUA,SEC,1735703,16118638,HKD
Nov-24,A4BBHDVR5RUT4PUA,SEC,421075,1318751,HKD
Nov-24,A4BBHDVR5RUT4PUA,SEC,4294858,67560,HKD
Nov-24,A4BBHDVR5RUT4PUA,SEC,2835185,3811890,HKD
Nov-24,A4BBHDVR5RUT4PUA,SEC,24014323,5121202,HKD
Nov-24,A4BBHDVR5RUT4PUA,SEC,24409862,117096,USD
Nov-24,A4BBHDVR5RUT4PUA,SEC,43558773,4101179,HKD
Nov-24,A4BBHDVR5RUT4PUA,SEC,51116731,14757661,HKD
Nov-24,A4BBHDVR5RUT4PUA,SEC,121083620,4540720,HKD
Nov-24,A4BBHDVR5RUT4PUA,Cash,100,0,HKD
Nov-24,A4BBHDVR5RUT4PUA,Cash,100,10037.87,USD
Nov-24,A4BBHDVR5RUT4PUA,Cash,100,264.57,SGD
Nov-24,A4HBHDVRR2FMQXGA,SEC,22570472,29022,IDR
Nov-24,A4HBHDVRR2FMQXGA,Cash,100,-2055.65,USD
Nov-24,A4HBHDVRR2FMQXGA,Cash,100,110.22,AUD
Nov-24,A4HBHDVRR2FMQXGA,Cash,100,1.07,SGD
Nov-24,A4HBHDVRR2FMQXGA,Cash,100,0,CNY
Nov-24,A4HBHDVRR2FMQXGA,Cash,100,0,HKD
Nov-24,A4HBHDVRR2FMQXGA,Cash,100,0,IDR
Nov-24,A4HBHDVRR2FMQXGA,Cash,100,0,EUR
Nov-24,A4HBHDVRR2FMQXGA,Cash,100,0,JPY
Nov-24,A4NBHDVRR2F5P8KA,SEC,357850,100209,GBP
Nov-24,A4NBHDVRR2F5P8KA,SEC,357850,70209,EUR
Nov-24,A4NBHDVRR2F5P8KA,SEC,357850,65722,USD
Nov-24,A4NBHDVRR2F5P8KA,SEC,591600,9796103,USD
Nov-24,A4NBHDVRR2F5P8KA,SEC,833675,26182,USD
Nov-24,A4NBHDVRR2F5P8KA,SEC,984192,450307,USD
Nov-24,A4NBHDVRR2F5P8KA,SEC,402331,166084,GBP
Nov-24,A4NBHDVRR2F5P8KA,SEC,2676862,1325970,SEK
Nov-24,A4NBHDVRR2F5P8KA,SEC,3471218,3,GBP
Nov-24,A4NBHDVRR2F5P8KA,SEC,3469403,123916,EUR
Nov-24,A4NBHDVRR2F5P8KA,SEC,3023898,1235263,IDR
Nov-24,A4NBHDVRR2F5P8KA,SEC,10773929,0,GBP
Nov-24,A4NBHDVRR2F5P8KA,SEC,12105513,51437698,IDR
Nov-24,A4NBHDVRR2F5P8KA,SEC,25974740,1828096,EUR
Nov-24,A4NBHDVRR2F5P8KA,SEC,33765401,361,USD
Nov-24,A4NBHDVRR2F5P8KA,SEC,36427552,524600,USD
Nov-24,A4NBHDVRR2F5P8KA,SEC,39040724,392,GBP
Nov-24,A4NBHDVRR2F5P8KA,SEC,43756548,525572,USD
Nov-24,A4NBHDVRR2F5P8KA,SEC,56799254,1270,USD
Nov-24,A4NBHDVRR2F5P8KA,SEC,57260673,19800,USD
Nov-24,A4NBHDVRR2F5P8KA,SEC,58382412,17740,USD
Nov-24,A4NBHDVRR2F5P8KA,SEC,37627976,1452,GBP
Nov-24,A4NBHDVRR2F5P8KA,SEC,131406303,61064,EUR
Nov-24,A4NBHDVRR2F5P8KA,Cash,100,3313.95,EUR
Nov-24,A4NBHDVRR2F5P8KA,Cash,100,0,HKD
Nov-24,A4NBHDVRR2F5P8KA,Cash,100,6762,USD
Nov-24,A4NBHDVRR2F5P8KA,Cash,100,0,CNY
Nov-24,A4NBHDVRR2F5P8KA,Cash,100,31.68,AUD
Nov-24,A4NBHDVRR2F5P8KA,Cash,100,857.04,GBP
Nov-24,A4UBHDVRR2FXXDSA,SEC,357850,55832,USD
Nov-24,A4UBHDVRR2FXXDSA,SEC,16003342,298623,USD
Nov-24,A4UBHDVRR2FXXDSA,SEC,16003341,0,USD
Nov-24,A4UBHDVRR2FXXDSA,SEC,16004110,149063,USD
Nov-24,A4UBHDVRR2FXXDSA,SEC,16004109,0,USD
Nov-24,A4UBHDVRR2FXXDSA,SEC,16004111,0,USD
Nov-24,A4UBHDVRR2FXXDSA,SEC,16004188,0,USD
Nov-24,A4UBHDVRR2FXXDSA,SEC,16004190,0,USD
Nov-24,A4UBHDVRR2FXXDSA,SEC,16004189,259663,USD
Nov-24,A4UBHDVRR2FXXDSA,SEC,16004831,0,USD
Nov-24,A4UBHDVRR2FXXDSA,Cash,100,0,USD
Nov-24,A4UBHDVRR2FXXDSA,Cash,100,0,EUR
Nov-24,A4UBHDVRR2FXXDSA,Cash,100,49512.44,SGD
Nov-24,A4UBHDVRR2FXXDSA,Cash,100,0,HKD
Nov-24,A4XBHDVRR2GDW64A,SEC,36244719,4420464,USD
Nov-24,A4XBHDVRR2GDW64A,SEC,11448018,2489800,USD
Nov-24,A4XBHDVRR2GDW64A,SEC,45176927,293199,HKD
Nov-24,A4XBHDVRR2GDW64A,SEC,105190659,-175490,USD
Nov-24,A4XBHDVRR2GDW64A,SEC,105193569,-164119,USD
Nov-24,A4XBHDVRR2GDW64A,SEC,105221781,276,USD
Nov-24,A4XBHDVRR2GDW64A,Cash,100,0,CNY
Nov-24,A4XBHDVRR2GDW64A,Cash,100,0,EUR
Nov-24,A4XBHDVRR2GDW64A,Cash,100,0,HKD
Nov-24,A4XBHDVRR2GDW64A,Cash,100,146850.35,USD
Nov-24,A5MBHDVVE3M58U4A,SEC,357850,52581,USD
Nov-24,A5MBHDVVE3M58U4A,SEC,357850,93898,HKD
Nov-24,A5MBHDVVE3M58U4A,SEC,645156,300854,USD
Nov-24,A5MBHDVVE3M58U4A,SEC,908440,449164,USD
Nov-24,A5MBHDVVE3M58U4A,SEC,951692,408729,USD
Nov-24,A5MBHDVVE3M58U4A,SEC,3537013,234230,USD
Nov-24,A5MBHDVVE3M58U4A,SEC,29798545,566292,USD
Nov-24,A5MBHDVVE3M58U4A,SEC,30608357,106625,USD
Nov-24,A5MBHDVVE3M58U4A,SEC,3697804,20800,DKK
Nov-24,A5MBHDVVE3M58U4A,SEC,40010114,313652,USD
Nov-24,A5MBHDVVE3M58U4A,SEC,58460132,102880,USD
Nov-24,A5MBHDVVE3M58U4A,SEC,116110551,122148,USD
Nov-24,A5MBHDVVE3M58U4A,SEC,122197539,263688,USD
Nov-24,A5MBHDVVE3M58U4A,SEC,124130552,336331,USD
Nov-24,A5MBHDVVE3M58U4A,SEC,126559383,217388,USD
Nov-24,A5MBHDVVE3M58U4A,Cash,100,873.62,USD
Nov-24,A5MBHDVVE3M58U4A,Cash,100,333.57,JPY
Nov-24,A5MBHDVVE3M58U4A,Cash,100,98.02,GBP
Nov-24,A5MBHDVVE3M58U4A,Cash,100,53.84,AUD
Nov-24,A5MBHDVVE3M58U4A,Cash,100,0,HKD
Nov-24,A5MBHDVVE3M58U4A,Cash,100,1394.66,DKK
Nov-24,A5NBHDVRR2D94D4A,SEC,357850,198658,USD
Nov-24,A5NBHDVRR2D94D4A,SEC,2690650,73685,HKD
Nov-24,A5NBHDVRR2D94D4A,SEC,48045452,3592950,USD
Nov-24,A5NBHDVRR2D94D4A,SEC,14233262,288,HKD
Nov-24,A5NBHDVRR2D94D4A,SEC,24620337,100149,HKD
Nov-24,A5NBHDVRR2D94D4A,SEC,25140337,542040,HKD
Nov-24,A5NBHDVRR2D94D4A,SEC,42399032,1053200,HKD
Nov-24,A5NBHDVRR2D94D4A,SEC,45984648,2751000,USD
Nov-24,A5NBHDVRR2D94D4A,SEC,47194804,100310,USD
Nov-24,A5NBHDVRR2D94D4A,SEC,51197857,2376000,USD
Nov-24,A5NBHDVRR2D94D4A,SEC,51856894,524000,USD
Nov-24,A5NBHDVRR2D94D4A,SEC,51857410,96250,USD
Nov-24,A5NBHDVRR2D94D4A,SEC,56308728,492500,USD
Nov-24,A5NBHDVRR2D94D4A,SEC,56308726,85600,USD
Nov-24,A5NBHDVRR2D94D4A,SEC,58226555,3275000,USD
Nov-24,A5NBHDVRR2D94D4A,SEC,136726291,402900,USD
Nov-24,A5NBHDVRR2D94D4A,SEC,136936184,307000,USD
Nov-24,A5NBHDVRR2D94D4A,Cash,100,0,JPY
Nov-24,A5NBHDVRR2D94D4A,Cash,100,0,CNY
Nov-24,A5NBHDVRR2D94D4A,Cash,100,0,EUR
Nov-24,A5NBHDVRR2D94D4A,Cash,100,0,HKD
Nov-24,A5NBHDVRR2D94D4A,Cash,100,-8000,USD
Nov-24,A5NBHDVRR2D94D4A,Cash,100,0,GBP
Nov-24,A5NBHDVRR2D94D4A,Cash,100,0,CAD
Nov-24,A5VBHDVRR2EJAPZA,SEC,36830487,23438,USD
Nov-24,A5VBHDVRR2EJAPZA,SEC,37267688,20774,USD
Nov-24,A5VBHDVRR2EJAPZA,SEC,120442938,18029,USD
Nov-24,A5VBHDVRR2EJAPZA,Cash,100,3931.92,HKD
Nov-24,A5VBHDVRR2EJAPZA,Cash,100,0,EUR
Nov-24,A5VBHDVRR2EJAPZA,Cash,100,0,SGD
Nov-24,A5VBHDVRR2EJAPZA,Cash,100,0,USD
Nov-24,A5VBHDVRR2EJAPZA,Cash,100,0,NZD
Nov-24,A5VBHDVRR2EJAPZA,Cash,100,0,CHF
Nov-24,A62BHDVRR2EM3Y6A,SEC,680579,347694,USD
Nov-24,A62BHDVRR2EM3Y6A,SEC,994529,1076064,USD
Nov-24,A62BHDVRR2EM3Y6A,SEC,410257,549125,USD
Nov-24,A62BHDVRR2EM3Y6A,SEC,2231362,268281,USD
Nov-24,A62BHDVRR2EM3Y6A,SEC,3109814,476318,USD
Nov-24,A62BHDVRR2EM3Y6A,SEC,4752662,425975,USD
Nov-24,A62BHDVRR2EM3Y6A,SEC,20085930,357485,USD
Nov-24,A62BHDVRR2EM3Y6A,SEC,33717137,394683,USD
Nov-24,A62BHDVRR2EM3Y6A,SEC,44023672,360860,USD
Nov-24,A62BHDVRR2EM3Y6A,SEC,50164128,443804,USD
Nov-24,A62BHDVRR2EM3Y6A,SEC,50840049,647606,USD
Nov-24,A62BHDVRR2EM3Y6A,SEC,113742301,388434,EUR
Nov-24,A62BHDVRR2EM3Y6A,Cash,100,11316.56,USD
Nov-24,A62BHDVRR2EM3Y6A,Cash,100,0,SGD
Nov-24,A62BHDVRR2EM3Y6A,Cash,100,35.43,EUR
Nov-24,A62BHDVRR2EM3Y6A,Cash,100,0,HKD
Nov-24,A6DBHDVVDUJT5G5A,SEC,18525320,2226455,IDR
Nov-24,A6DBHDVVDUJT5G5A,SEC,22816036,248515,USD
Nov-24,A6DBHDVVDUJT5G5A,SEC,56982999,256570,USD
Nov-24,A6DBHDVVDUJT5G5A,SEC,116532986,312681,USD
Nov-24,A6DBHDVVDUJT5G5A,SEC,118053829,193515,USD
Nov-24,A6DBHDVVDUJT5G5A,SEC,132902107,359272,USD
Nov-24,A6DBHDVVDUJT5G5A,SEC,132659849,310744,USD
Nov-24,A6DBHDVVDUJT5G5A,SEC,138362748,207923,USD
Nov-24,A6DBHDVVDUJT5G5A,Cash,100,41987.37,USD
Nov-24,A6DBHDVVDUJT5G5A,Cash,100,0,IDR
Nov-24,A6ZBHDVRR2DBNCMA,SEC,288055,82320,USD
Nov-24,A6ZBHDVRR2DBNCMA,SEC,2577176,46833,USD
Nov-24,A6ZBHDVRR2DBNCMA,SEC,39219056,272177,USD
Nov-24,A6ZBHDVRR2DBNCMA,SEC,12915350,73585,USD
Nov-24,A6ZBHDVRR2DBNCMA,SEC,27983540,156594,USD
Nov-24,A6ZBHDVRR2DBNCMA,SEC,29228421,29453,USD
Nov-24,A6ZBHDVRR2DBNCMA,SEC,35753642,150161,USD
Nov-24,A6ZBHDVRR2DBNCMA,SEC,36472841,284907,USD
Nov-24,A6ZBHDVRR2DBNCMA,SEC,30164303,55782,USD
Nov-24,A6ZBHDVRR2DBNCMA,SEC,44887387,111095,USD
Nov-24,A6ZBHDVRR2DBNCMA,SEC,49280512,34384,USD
Nov-24,A6ZBHDVRR2DBNCMA,SEC,49375098,35144,USD
Nov-24,A6ZBHDVRR2DBNCMA,SEC,51675825,102655,USD
Nov-24,A6ZBHDVRR2DBNCMA,SEC,56314427,36152,USD
Nov-24,A6ZBHDVRR2DBNCMA,SEC,56695520,52253,USD
Nov-24,A6ZBHDVRR2DBNCMA,SEC,59986178,124687,USD
Nov-24,A6ZBHDVRR2DBNCMA,SEC,123722421,35441,USD
Nov-24,A6ZBHDVRR2DBNCMA,SEC,122201361,71429,USD
Nov-24,A6ZBHDVRR2DBNCMA,SEC,126961245,57660,USD
Nov-24,A6ZBHDVRR2DBNCMA,SEC,135963918,79630,USD
Nov-24,A6ZBHDVRR2DBNCMA,SEC,136566000,100084,USD
Nov-24,A6ZBHDVRR2DBNCMA,SEC,136576459,51495,USD
Nov-24,A6ZBHDVRR2DBNCMA,SEC,138285751,97140,USD
Nov-24,A6ZBHDVRR2DBNCMA,SEC,138612972,99540,USD
Nov-24,A6ZBHDVRR2DBNCMA,Cash,100,0,HKD
Nov-24,A6ZBHDVRR2DBNCMA,Cash,100,4385.14,USD
Nov-24,A6ZBHDVRR2DBNCMA,Cash,100,17.35,CHF
Nov-24,A6ZBHDVRR2DBNCMA,Cash,100,0,EUR
Nov-24,A6ZBHDVRR2DBNCMA,Cash,100,6.65,AUD
Nov-24,A6ZBHDVRR2DBNCMA,Cash,100,0,IDR
Nov-24,A76BHDVRR2FYH9EA,SEC,357850,257330,USD
Nov-24,A76BHDVRR2FYH9EA,SEC,591600,2002000,USD
Nov-24,A76BHDVRR2FYH9EA,SEC,748628,376675,USD
Nov-24,A76BHDVRR2FYH9EA,SEC,958611,229013,USD
Nov-24,A76BHDVRR2FYH9EA,SEC,1095642,82720,USD
Nov-24,A76BHDVRR2FYH9EA,SEC,908440,891640,USD
Nov-24,A76BHDVRR2FYH9EA,SEC,4258191,252470,USD
Nov-24,A76BHDVRR2FYH9EA,SEC,1147613,1228039,HKD
Nov-24,A76BHDVRR2FYH9EA,SEC,10469166,87317,HKD
Nov-24,A76BHDVRR2FYH9EA,SEC,24014323,1924009,HKD
Nov-24,A76BHDVRR2FYH9EA,SEC,24544787,278847,HKD
Nov-24,A76BHDVRR2FYH9EA,SEC,24409862,663544,USD
Nov-24,A76BHDVRR2FYH9EA,SEC,37327935,409951,SGD
Nov-24,A76BHDVRR2FYH9EA,SEC,43558773,74038,HKD
Nov-24,A76BHDVRR2FYH9EA,SEC,46209336,293531,USD
Nov-24,A76BHDVRR2FYH9EA,SEC,51116731,1032914,HKD
Nov-24,A76BHDVRR2FYH9EA,SEC,55256713,27630,HKD
Nov-24,A76BHDVRR2FYH9EA,SEC,55889123,150598,USD
Nov-24,A76BHDVRR2FYH9EA,SEC,134897790,499805,USD
Nov-24,A76BHDVRR2FYH9EA,SEC,105213316,-8057,USD
Nov-24,A76BHDVRR2FYH9EA,SEC,105213313,-29565,USD
Nov-24,A76BHDVRR2FYH9EA,Cash,100,-29.01,HKD
Nov-24,A76BHDVRR2FYH9EA,Cash,100,0,GBP
Nov-24,A76BHDVRR2FYH9EA,Cash,100,94111.43,SGD
Nov-24,A76BHDVRR2FYH9EA,Cash,100,298.17,EUR
Nov-24,A76BHDVRR2FYH9EA,Cash,100,0,CNY
Nov-24,A76BHDVRR2FYH9EA,Cash,100,3783.06,USD
Nov-24,A7GBHDVRRZ8Y774A,SEC,357850,245335,USD
Nov-24,A7GBHDVRRZ8Y774A,SEC,539377,136843,USD
Nov-24,A7GBHDVRRZ8Y774A,SEC,1143143,210259,USD
Nov-24,A7GBHDVRRZ8Y774A,SEC,1265505,452314,USD
Nov-24,A7GBHDVRRZ8Y774A,SEC,2231362,84259,USD
Nov-24,A7GBHDVRRZ8Y774A,SEC,2340620,142556,USD
Nov-24,A7GBHDVRRZ8Y774A,SEC,2836189,131129,EUR
Nov-24,A7GBHDVRRZ8Y774A,SEC,3948007,74833,EUR
Nov-24,A7GBHDVRRZ8Y774A,SEC,16000934,0,USD
Nov-24,A7GBHDVRRZ8Y774A,SEC,16000932,0,USD
Nov-24,A7GBHDVRRZ8Y774A,SEC,16001726,0,USD
Nov-24,A7GBHDVRRZ8Y774A,SEC,16002605,0,USD
Nov-24,A7GBHDVRRZ8Y774A,SEC,19782762,98874,AUD
Nov-24,A7GBHDVRRZ8Y774A,SEC,20333847,343434,USD
Nov-24,A7GBHDVRRZ8Y774A,SEC,41960402,174958,EUR
Nov-24,A7GBHDVRRZ8Y774A,SEC,42535554,563008,EUR
Nov-24,A7GBHDVRRZ8Y774A,SEC,42662504,370470,USD
Nov-24,A7GBHDVRRZ8Y774A,SEC,115092609,233699,GBP
Nov-24,A7GBHDVRRZ8Y774A,SEC,129451372,135303,USD
Nov-24,A7GBHDVRRZ8Y774A,Cash,100,0,SGD
Nov-24,A7GBHDVRRZ8Y774A,Cash,100,0,GBP
Nov-24,A7GBHDVRRZ8Y774A,Cash,100,0,CHF
Nov-24,A7GBHDVRRZ8Y774A,Cash,100,2148.91,EUR
Nov-24,A7GBHDVRRZ8Y774A,Cash,100,0,HKD
Nov-24,A7GBHDVRRZ8Y774A,Cash,100,0,IDR
Nov-24,A7GBHDVRRZ8Y774A,Cash,100,10159.26,AUD
Nov-24,A7GBHDVRRZ8Y774A,Cash,100,2338.82,USD
Nov-24,A7GBHDVRRZ8Y774A,Cash,100,0,MYR
Nov-24,A7GBHDVRRZ8Y774A,Cash,100,0,JPY
Nov-24,A8WBHDVVAM6GLWDA,SEC,18984176,224572,USD
Nov-24,A8WBHDVVAM6GLWDA,SEC,21378534,142553,USD
Nov-24,A8WBHDVVAM6GLWDA,SEC,26204133,247787,SGD
Nov-24,A8WBHDVVAM6GLWDA,SEC,30474506,157239,SGD
Nov-24,A8WBHDVVAM6GLWDA,SEC,41207670,162928,USD
Nov-24,A8WBHDVVAM6GLWDA,SEC,30734387,88559,SGD
Nov-24,A8WBHDVVAM6GLWDA,SEC,116532989,265630,USD
Nov-24,A8WBHDVVAM6GLWDA,SEC,124130549,273069,USD
Nov-24,A8WBHDVVAM6GLWDA,SEC,126961245,302445,USD
Nov-24,A8WBHDVVAM6GLWDA,SEC,129305045,205283,SGD
Nov-24,A8WBHDVVAM6GLWDA,SEC,136339058,200000,SGD
Nov-24,A8WBHDVVAM6GLWDA,Cash,100,879.2,USD
Nov-24,A8WBHDVVAM6GLWDA,Cash,100,1317.28,SGD
Nov-24,A8ZBHDVTZEURRHQA,SEC,125034615,1186459,USD
Nov-24,A8ZBHDVTZEURRHQA,SEC,138317246,1737000,USD
Nov-24,A8ZBHDVTZEURRHQA,Cash,100,73245.04,USD
Nov-24,A8ZBHDVTZEURRHQA,Cash,100,45.51,EUR
Nov-24,A8ZBHDVTZEURRHQA,Cash,100,99.45,GBP
Nov-24,ATPBHDVRR2ACLMKA,SEC,539377,545881,USD
Nov-24,ATPBHDVRR2ACLMKA,SEC,512613,188647,USD
Nov-24,ATPBHDVRR2ACLMKA,SEC,1211929,318427,USD
Nov-24,ATPBHDVRR2ACLMKA,SEC,1034579,330194,USD
Nov-24,ATPBHDVRR2ACLMKA,SEC,2340620,230191,USD
Nov-24,ATPBHDVRR2ACLMKA,SEC,2577179,193499,USD
Nov-24,ATPBHDVRR2ACLMKA,SEC,3042331,142611,EUR
Nov-24,ATPBHDVRR2ACLMKA,SEC,3042329,253427,USD
Nov-24,ATPBHDVRR2ACLMKA,SEC,20152466,342506,USD
Nov-24,ATPBHDVRR2ACLMKA,SEC,22386409,265198,USD
Nov-24,ATPBHDVRR2ACLMKA,SEC,24476758,38668,CHF
Nov-24,ATPBHDVRR2ACLMKA,SEC,41207668,161919,USD
Nov-24,ATPBHDVRR2ACLMKA,SEC,42535552,972818,USD
Nov-24,ATPBHDVRR2ACLMKA,SEC,45078036,605343,USD
Nov-24,ATPBHDVRR2ACLMKA,SEC,55777949,210706,USD
Nov-24,ATPBHDVRR2ACLMKA,SEC,110017591,314016,USD
Nov-24,ATPBHDVRR2ACLMKA,SEC,115606002,675676,EUR
Nov-24,ATPBHDVRR2ACLMKA,SEC,116144019,137474,USD
Nov-24,ATPBHDVRR2ACLMKA,SEC,115093841,607614,USD
Nov-24,ATPBHDVRR2ACLMKA,SEC,125027780,664138,USD
Nov-24,ATPBHDVRR2ACLMKA,Cash,100,0,TWD
Nov-24,ATPBHDVRR2ACLMKA,Cash,100,1529391.04,USD
Nov-24,ATPBHDVRR2ACLMKA,Cash,100,0,HKD
Nov-24,ATPBHDVRR2ACLMKA,Cash,100,0,SGD
Nov-24,ATPBHDVRR2ACLMKA,Cash,100,5072.05,CHF
Nov-24,ATPBHDVRR2ACLMKA,Cash,100,83818.91,EUR
Nov-24,AUABHDVRR2A4Z5SA,SEC,1099448,73660,HKD
Nov-24,AUABHDVRR2A4Z5SA,SEC,239659,143709,USD
Nov-24,AUABHDVRR2A4Z5SA,SEC,2291324,75254,HKD
Nov-24,AUABHDVRR2A4Z5SA,SEC,39218002,169559,USD
Nov-24,AUABHDVRR2A4Z5SA,SEC,3050335,58635,USD
Nov-24,AUABHDVRR2A4Z5SA,SEC,2178592,56807,HKD
Nov-24,AUABHDVRR2A4Z5SA,SEC,19217548,76763,USD
Nov-24,AUABHDVRR2A4Z5SA,SEC,22479642,131536,USD
Nov-24,AUABHDVRR2A4Z5SA,SEC,21513473,133568,USD
Nov-24,AUABHDVRR2A4Z5SA,SEC,4733788,85000,USD
Nov-24,AUABHDVRR2A4Z5SA,SEC,19584199,133873,USD
Nov-24,AUABHDVRR2A4Z5SA,SEC,24014323,53907,HKD
Nov-24,AUABHDVRR2A4Z5SA,SEC,26647043,23755,HKD
Nov-24,AUABHDVRR2A4Z5SA,SEC,25027456,173463,USD
Nov-24,AUABHDVRR2A4Z5SA,SEC,28342204,125370,USD
Nov-24,AUABHDVRR2A4Z5SA,SEC,28738532,77930,USD
Nov-24,AUABHDVRR2A4Z5SA,SEC,30381537,91692,USD
Nov-24,AUABHDVRR2A4Z5SA,SEC,40010118,96575,USD
Nov-24,AUABHDVRR2A4Z5SA,SEC,41887067,105772,USD
Nov-24,AUABHDVRR2A4Z5SA,SEC,38714645,91913,USD
Nov-24,AUABHDVRR2A4Z5SA,SEC,42535525,112511,USD
Nov-24,AUABHDVRR2A4Z5SA,SEC,43558773,2412,HKD
Nov-24,AUABHDVRR2A4Z5SA,SEC,50073450,71035,USD
Nov-24,AUABHDVRR2A4Z5SA,SEC,51116731,24433,HKD
Nov-24,AUABHDVRR2A4Z5SA,SEC,55256713,41638,HKD
Nov-24,AUABHDVRR2A4Z5SA,SEC,112156004,117748,USD
Nov-24,AUABHDVRR2A4Z5SA,SEC,113766580,105216,USD
Nov-24,AUABHDVRR2A4Z5SA,SEC,115606002,116970,GBP
Nov-24,AUABHDVRR2A4Z5SA,SEC,115096102,286740,USD
Nov-24,AUABHDVRR2A4Z5SA,SEC,125066657,103671,USD
Nov-24,AUABHDVRR2A4Z5SA,SEC,129578442,228607,USD
Nov-24,AUABHDVRR2A4Z5SA,Cash,100,0,EUR
Nov-24,AUABHDVRR2A4Z5SA,Cash,100,0,SGD
Nov-24,AUABHDVRR2A4Z5SA,Cash,100,65296.61,USD
Nov-24,AUABHDVRR2A4Z5SA,Cash,100,0,CHF
Nov-24,AUABHDVRR2A4Z5SA,Cash,100,11314.84,HKD
Nov-24,AUABHDVRR2A4Z5SA,Cash,100,3599.37,GBP
Nov-24,AUABHDVRR2A4Z5SA,Cash,100,0,JPY
Nov-24,AUJBHDVRR2C2TQUA,SEC,357850,86383,USD
Nov-24,AUJBHDVRR2C2TQUA,SEC,591600,705177,USD
Nov-24,AUJBHDVRR2C2TQUA,SEC,591600,1342758,AUD
Nov-24,AUJBHDVRR2C2TQUA,SEC,1079842,27839,USD
Nov-24,AUJBHDVRR2C2TQUA,SEC,567972,788200,USD
Nov-24,AUJBHDVRR2C2TQUA,SEC,16003554,1179974,USD
Nov-24,AUJBHDVRR2C2TQUA,SEC,16003553,0,USD
Nov-24,AUJBHDVRR2C2TQUA,SEC,115638086,742390,USD
Nov-24,AUJBHDVRR2C2TQUA,SEC,16004833,0,USD
Nov-24,AUJBHDVRR2C2TQUA,Cash,100,0,EUR
Nov-24,AUJBHDVRR2C2TQUA,Cash,100,0,HKD
Nov-24,AUJBHDVRR2C2TQUA,Cash,100,0,AUD
Nov-24,AUJBHDVRR2C2TQUA,Cash,100,0,IDR
Nov-24,AUJBHDVRR2C2TQUA,Cash,100,0,USD
Nov-24,AUJBHDVRR2C2TQUA,Cash,100,14.45,SGD
Nov-24,AUJBHDVRR2C2TQUA,Cash,100,0,GBP
Nov-24,AULBHDVRR2EP38MA,Cash,100,0,CNY
Nov-24,AULBHDVRR2EP38MA,Cash,100,0,HKD
Nov-24,AULBHDVRR2EP38MA,Cash,100,1202.85,USD
Nov-24,AULBHDVRR2EP38MA,Cash,100,0,EUR
Nov-24,AV3BHDVSPBDR2USA,SEC,24014323,237192,HKD
Nov-24,AV3BHDVSPBDR2USA,SEC,23606196,27095,USD
Nov-24,AV3BHDVSPBDR2USA,SEC,24409862,148322,USD
Nov-24,AV3BHDVSPBDR2USA,SEC,42399032,5337618,HKD
Nov-24,AV3BHDVSPBDR2USA,SEC,43558773,70926,HKD
Nov-24,AV3BHDVSPBDR2USA,SEC,16004007,242246,USD
Nov-24,AV3BHDVSPBDR2USA,SEC,16004006,0,USD
Nov-24,AV3BHDVSPBDR2USA,SEC,16004008,0,USD
Nov-24,AV3BHDVSPBDR2USA,SEC,16004058,374277,USD
Nov-24,AV3BHDVSPBDR2USA,SEC,16004069,165409,EUR
Nov-24,AV3BHDVSPBDR2USA,SEC,16004068,0,EUR
Nov-24,AV3BHDVSPBDR2USA,SEC,16004059,0,USD
Nov-24,AV3BHDVSPBDR2USA,SEC,16004070,0,EUR
Nov-24,AV3BHDVSPBDR2USA,SEC,16004057,0,USD
Nov-24,AV3BHDVSPBDR2USA,SEC,16004086,398661,USD
Nov-24,AV3BHDVSPBDR2USA,SEC,16004085,0,USD
Nov-24,AV3BHDVSPBDR2USA,SEC,16004087,0,USD
Nov-24,AV3BHDVSPBDR2USA,SEC,51116731,146599,HKD
Nov-24,AV3BHDVSPBDR2USA,SEC,55256713,4270,HKD
Nov-24,AV3BHDVSPBDR2USA,SEC,110004428,367375,USD
Nov-24,AV3BHDVSPBDR2USA,SEC,16004456,396704,USD
Nov-24,AV3BHDVSPBDR2USA,SEC,16004457,0,USD
Nov-24,AV3BHDVSPBDR2USA,SEC,16004455,0,USD
Nov-24,AV3BHDVSPBDR2USA,SEC,16004463,409099,USD
Nov-24,AV3BHDVSPBDR2USA,SEC,16004462,0,USD
Nov-24,AV3BHDVSPBDR2USA,SEC,16004464,0,USD
Nov-24,AV3BHDVSPBDR2USA,SEC,16005103,0,USD
Nov-24,AV3BHDVSPBDR2USA,SEC,16005105,0,USD
Nov-24,AV3BHDVSPBDR2USA,SEC,105196562,-148599,HKD
Nov-24,AV3BHDVSPBDR2USA,SEC,105203686,-138841,HKD
Nov-24,AV3BHDVSPBDR2USA,Cash,100,72562.74,HKD
Nov-24,AV3BHDVSPBDR2USA,Cash,100,1114,USD
Nov-24,AV3BHDVSPBDR2USA,Cash,100,-6.77,EUR
Nov-24,AV3BHDVSZ9GSFLKA,SEC,50267922,170062,EUR
Nov-24,AV3BHDVSZ9GSFLKA,SEC,110046151,244122,USD
Nov-24,AV3BHDVSZ9GSFLKA,SEC,116110551,365883,USD
Nov-24,AV3BHDVSZ9GSFLKA,SEC,117747770,238880,USD
Nov-24,AV3BHDVSZ9GSFLKA,Cash,100,0,HKD
Nov-24,AV3BHDVSZ9GSFLKA,Cash,100,2104.82,USD
Nov-24,AV3BHDVSZ9GSFLKA,Cash,100,2704.79,EUR
Nov-24,AW5BHDVS88K4TSNA,SEC,507170,33144,EUR
Nov-24,AW5BHDVS88K4TSNA,SEC,3106596,72930,SGD
Nov-24,AW5BHDVS88K4TSNA,SEC,779007,117666,MYR
Nov-24,AW5BHDVS88K4TSNA,SEC,2178592,20451,HKD
Nov-24,AW5BHDVS88K4TSNA,SEC,24014323,80861,HKD
Nov-24,AW5BHDVS88K4TSNA,SEC,25867521,6003,HKD
Nov-24,AW5BHDVS88K4TSNA,SEC,27956317,4681,HKD
Nov-24,AW5BHDVS88K4TSNA,SEC,42399032,17553,HKD
Nov-24,AW5BHDVS88K4TSNA,SEC,43558773,83326,HKD
Nov-24,AW5BHDVS88K4TSNA,SEC,51116731,134383,HKD
Nov-24,AW5BHDVS88K4TSNA,SEC,55256713,1444,HKD
Nov-24,AW5BHDVS88K4TSNA,Cash,100,1191.09,HKD
Nov-24,AW5BHDVS88K4TSNA,Cash,100,0,GBP
Nov-24,AW5BHDVS88K4TSNA,Cash,100,1851.41,EUR
Nov-24,AW5BHDVS88K4TSNA,Cash,100,4308.72,SGD
Nov-24,AW5BHDVS88K4TSNA,Cash,100,44.18,USD
Nov-24,AW5BHDVS88K4TSNA,Cash,100,3006.97,MYR
Nov-24,AWKBHDVRR2DZTYYA,SEC,357850,114057,USD
Nov-24,AWKBHDVRR2DZTYYA,SEC,411161,93520,HKD
Nov-24,AWKBHDVRR2DZTYYA,SEC,1211918,49342,USD
Nov-24,AWKBHDVRR2DZTYYA,SEC,2598225,7379,SGD
Nov-24,AWKBHDVRR2DZTYYA,SEC,43359089,34554,USD
Nov-24,AWKBHDVRR2DZTYYA,SEC,3390792,135640,USD
Nov-24,AWKBHDVRR2DZTYYA,SEC,13212805,39247,USD
Nov-24,AWKBHDVRR2DZTYYA,SEC,19204421,2539,SGD
Nov-24,AWKBHDVRR2DZTYYA,SEC,20086084,129290,USD
Nov-24,AWKBHDVRR2DZTYYA,SEC,20240345,56941,USD
Nov-24,AWKBHDVRR2DZTYYA,SEC,21929889,108015,USD
Nov-24,AWKBHDVRR2DZTYYA,SEC,13195830,183300,USD
Nov-24,AWKBHDVRR2DZTYYA,SEC,41207668,35561,USD
Nov-24,AWKBHDVRR2DZTYYA,SEC,50072717,28114,USD
Nov-24,AWKBHDVRR2DZTYYA,SEC,50872428,115890,AUD
Nov-24,AWKBHDVRR2DZTYYA,SEC,51215417,29337,AUD
Nov-24,AWKBHDVRR2DZTYYA,SEC,56801443,84043,AUD
Nov-24,AWKBHDVRR2DZTYYA,SEC,58823722,55505,AUD
Nov-24,AWKBHDVRR2DZTYYA,SEC,110020110,161253,USD
Nov-24,AWKBHDVRR2DZTYYA,SEC,59600014,99823,USD
Nov-24,AWKBHDVRR2DZTYYA,SEC,115606002,68716,EUR
Nov-24,AWKBHDVRR2DZTYYA,SEC,116532986,125136,USD
Nov-24,AWKBHDVRR2DZTYYA,SEC,120696065,68705,AUD
Nov-24,AWKBHDVRR2DZTYYA,SEC,124130548,165078,USD
Nov-24,AWKBHDVRR2DZTYYA,SEC,124994912,138345,USD
Nov-24,AWKBHDVRR2DZTYYA,SEC,126902046,67651,AUD
Nov-24,AWKBHDVRR2DZTYYA,SEC,128258112,28679,USD
Nov-24,AWKBHDVRR2DZTYYA,SEC,130257524,33302,AUD
Nov-24,AWKBHDVRR2DZTYYA,SEC,132902107,120311,USD
Nov-24,AWKBHDVRR2DZTYYA,SEC,133981722,131080,AUD
Nov-24,AWKBHDVRR2DZTYYA,Cash,100,2594.3,USD
Nov-24,AWKBHDVRR2DZTYYA,Cash,100,5146.56,SGD
Nov-24,AWKBHDVRR2DZTYYA,Cash,100,0,HKD
Nov-24,AWKBHDVRR2DZTYYA,Cash,100,0,CNY
Nov-24,AWKBHDVRR2DZTYYA,Cash,100,19213.73,EUR
Nov-24,AWKBHDVRR2DZTYYA,Cash,100,19475.23,AUD
Nov-24,AXFBHDVSA5RUNKXA,SEC,357850,415500,USD
Nov-24,AXFBHDVSA5RUNKXA,SEC,591600,1548765,SGD
Nov-24,AXFBHDVSA5RUNKXA,SEC,288080,310451,USD
Nov-24,AXFBHDVSA5RUNKXA,SEC,288055,310072,USD
Nov-24,AXFBHDVSA5RUNKXA,SEC,2577176,100965,USD
Nov-24,AXFBHDVSA5RUNKXA,SEC,39218002,356993,USD
Nov-24,AXFBHDVSA5RUNKXA,SEC,3371410,759123,USD
Nov-24,AXFBHDVSA5RUNKXA,SEC,10627405,102139,USD
Nov-24,AXFBHDVSA5RUNKXA,SEC,3537013,190151,USD
Nov-24,AXFBHDVSA5RUNKXA,SEC,11943292,99419,USD
Nov-24,AXFBHDVSA5RUNKXA,SEC,18401081,98215,USD
Nov-24,AXFBHDVSA5RUNKXA,SEC,21366058,99860,USD
Nov-24,AXFBHDVSA5RUNKXA,SEC,24161018,0,SGD
Nov-24,AXFBHDVSA5RUNKXA,SEC,22439698,292927,CHF
Nov-24,AXFBHDVSA5RUNKXA,SEC,22439717,290407,CHF
Nov-24,AXFBHDVSA5RUNKXA,SEC,30372463,98681,USD
Nov-24,AXFBHDVSA5RUNKXA,SEC,30474506,275690,SGD
Nov-24,AXFBHDVSA5RUNKXA,SEC,30608357,98647,USD
Nov-24,AXFBHDVSA5RUNKXA,SEC,35259549,71660,SGD
Nov-24,AXFBHDVSA5RUNKXA,SEC,39991342,149099,USD
Nov-24,AXFBHDVSA5RUNKXA,SEC,30164303,98221,USD
Nov-24,AXFBHDVSA5RUNKXA,SEC,42535561,99541,USD
Nov-24,AXFBHDVSA5RUNKXA,SEC,44805159,341179,USD
Nov-24,AXFBHDVSA5RUNKXA,SEC,49645211,98115,USD
Nov-24,AXFBHDVSA5RUNKXA,SEC,49375091,197215,USD
Nov-24,AXFBHDVSA5RUNKXA,SEC,48202650,100333,USD
Nov-24,AXFBHDVSA5RUNKXA,SEC,45165905,154229,USD
Nov-24,AXFBHDVSA5RUNKXA,SEC,58848816,97368,USD
Nov-24,AXFBHDVSA5RUNKXA,SEC,59799236,182376,USD
Nov-24,AXFBHDVSA5RUNKXA,SEC,59917560,379539,USD
Nov-24,AXFBHDVSA5RUNKXA,SEC,114057005,198020,USD
Nov-24,AXFBHDVSA5RUNKXA,SEC,119466239,0,SGD
Nov-24,AXFBHDVSA5RUNKXA,Cash,100,0,IDR
Nov-24,AXFBHDVSA5RUNKXA,Cash,100,6851.79,SGD
Nov-24,AXFBHDVSA5RUNKXA,Cash,100,1309.6,USD
Nov-24,AXFBHDVSA5RUNKXA,Cash,100,0,AUD
Nov-24,AXFBHDVSA5RUNKXA,Cash,100,0,EUR
Nov-24,AXFBHDVSA5RUNKXA,Cash,100,0,CHF
Nov-24,AYFBHDVSQYG9DN6A,SEC,357850,80448,USD
Nov-24,AYFBHDVSQYG9DN6A,SEC,994529,1253262,USD
Nov-24,AYFBHDVSQYG9DN6A,SEC,1102899,260667,USD
Nov-24,AYFBHDVSQYG9DN6A,SEC,1413346,294123,USD
Nov-24,AYFBHDVSQYG9DN6A,SEC,645156,979358,USD
Nov-24,AYFBHDVSQYG9DN6A,SEC,908440,463876,USD
Nov-24,AYFBHDVSQYG9DN6A,SEC,951692,844952,USD
Nov-24,AYFBHDVSQYG9DN6A,SEC,2107726,347037,USD
Nov-24,AYFBHDVSQYG9DN6A,SEC,3826452,227359,USD
Nov-24,AYFBHDVSQYG9DN6A,SEC,49563753,268078,USD
Nov-24,AYFBHDVSQYG9DN6A,SEC,14917609,583040,USD
Nov-24,AYFBHDVSQYG9DN6A,SEC,18868154,646236,USD
Nov-24,AYFBHDVSQYG9DN6A,SEC,20085930,275290,USD
Nov-24,AYFBHDVSQYG9DN6A,SEC,22339711,323198,USD
Nov-24,AYFBHDVSQYG9DN6A,SEC,22860122,198249,USD
Nov-24,AYFBHDVSQYG9DN6A,SEC,27926256,446609,USD
Nov-24,AYFBHDVSQYG9DN6A,SEC,30143936,315223,USD
Nov-24,AYFBHDVSQYG9DN6A,SEC,36082513,221887,USD
Nov-24,AYFBHDVSQYG9DN6A,SEC,38497535,378277,USD
Nov-24,AYFBHDVSQYG9DN6A,SEC,40769307,330670,USD
Nov-24,AYFBHDVSQYG9DN6A,SEC,47459333,265751,USD
Nov-24,AYFBHDVSQYG9DN6A,SEC,49718937,422659,USD
Nov-24,AYFBHDVSQYG9DN6A,SEC,56799254,125076,USD
Nov-24,AYFBHDVSQYG9DN6A,SEC,58365265,248745,USD
Nov-24,AYFBHDVSQYG9DN6A,SEC,58460132,174587,USD
Nov-24,AYFBHDVSQYG9DN6A,SEC,114658358,384441,USD
Nov-24,AYFBHDVSQYG9DN6A,SEC,114982648,277967,USD
Nov-24,AYFBHDVSQYG9DN6A,SEC,121756947,428284,USD
Nov-24,AYFBHDVSQYG9DN6A,Cash,100,228426.78,USD
Nov-24,AYFBHDVSQYG9DN6A,Cash,100,0,EUR
Nov-24,AYFBHDVSQYG9DN6A,Cash,100,0,CAD
Nov-24,AYFBHDVSQYG9DN6A,Cash,100,311.2,GBP
Nov-24,AZ2BHDVRR2C2DNYA,SEC,357850,162839,USD
Nov-24,AZ2BHDVRR2C2DNYA,SEC,903491,155337,USD
Nov-24,AZ2BHDVRR2C2DNYA,SEC,994529,59170,USD
Nov-24,AZ2BHDVRR2C2DNYA,SEC,47103960,9606,USD
Nov-24,AZ2BHDVRR2C2DNYA,SEC,47787541,54518,USD
Nov-24,AZ2BHDVRR2C2DNYA,SEC,11448018,68470,USD
Nov-24,AZ2BHDVRR2C2DNYA,SEC,11869921,43529,USD
Nov-24,AZ2BHDVRR2C2DNYA,SEC,25949497,21552,USD
Nov-24,AZ2BHDVRR2C2DNYA,SEC,38497535,11923,USD
Nov-24,AZ2BHDVRR2C2DNYA,SEC,41112361,43919,USD
Nov-24,AZ2BHDVRR2C2DNYA,SEC,40769307,17303,USD
Nov-24,AZ2BHDVRR2C2DNYA,SEC,42826115,12056,USD
Nov-24,AZ2BHDVRR2C2DNYA,SEC,50914799,2762,USD
Nov-24,AZ2BHDVRR2C2DNYA,SEC,56799254,8084,USD
Nov-24,AZ2BHDVRR2C2DNYA,SEC,58353386,0,USD
Nov-24,AZ2BHDVRR2C2DNYA,SEC,58365265,15566,USD
Nov-24,AZ2BHDVRR2C2DNYA,SEC,110138377,1482,USD
Nov-24,AZ2BHDVRR2C2DNYA,SEC,111229262,22040,USD
Nov-24,AZ2BHDVRR2C2DNYA,SEC,111854151,9781,USD
Nov-24,AZ2BHDVRR2C2DNYA,SEC,112854138,31950,USD
Nov-24,AZ2BHDVRR2C2DNYA,SEC,113133115,4870,USD
Nov-24,AZ2BHDVRR2C2DNYA,SEC,112870399,34260,USD
Nov-24,AZ2BHDVRR2C2DNYA,SEC,113428209,7869,USD
Nov-24,AZ2BHDVRR2C2DNYA,SEC,115344461,8210,HKD
Nov-24,AZ2BHDVRR2C2DNYA,SEC,118053836,60809,USD
Nov-24,AZ2BHDVRR2C2DNYA,SEC,126391974,1470,USD
Nov-24,AZ2BHDVRR2C2DNYA,SEC,128499088,23268,USD
Nov-24,AZ2BHDVRR2C2DNYA,SEC,138624448,9118,USD
Nov-24,AZ2BHDVRR2C2DNYA,Cash,100,27039.49,USD
Nov-24,AZ2BHDVRR2C2DNYA,Cash,100,0,EUR
Nov-24,AZ2BHDVRR2C2DNYA,Cash,100,0,HKD
Nov-24,AZ4BHDVSHCDVPJMA,SEC,357850,85971,HKD
Nov-24,AZ4BHDVSHCDVPJMA,SEC,32620667,830524,HKD
Nov-24,AZ4BHDVSHCDVPJMA,Cash,100,0,USD
Nov-24,AZ4BHDVSHCDVPJMA,Cash,100,18646.14,HKD
Nov-24,AZ4BHDVSHCDVPJMA,Cash,100,0,SGD
Nov-24,AZXBHDVTZSRT5RHA,SEC,591600,428448,AUD
Nov-24,AZXBHDVTZSRT5RHA,SEC,591600,858835,USD
Nov-24,AZXBHDVTZSRT5RHA,SEC,591600,1711593,CAD
Nov-24,AZXBHDVTZSRT5RHA,SEC,591600,253364,EUR
Nov-24,AZXBHDVTZSRT5RHA,Cash,100,0,CAD
Nov-24,AZXBHDVTZSRT5RHA,Cash,100,0,USD
Nov-24,AZXBHDVTZSRT5RHA,Cash,100,0,HKD
Nov-24,AZXBHDVTZSRT5RHA,Cash,100,0,EUR
Nov-24,AZXBHDVTZSRT5RHA,Cash,100,0,AUD
Nov-24,AZXBHDVTZSRT5RHA,Cash,100,24070.09,JPY
Nov-24,BA4BHDVRR2J7JYPA,Cash,100,0.35,USD
Nov-24,BA4BHDVRR2J7JYPA,Cash,100,0,HKD
Nov-24,BA4BHDVRR2J7JYPA,Cash,100,0,EUR
Nov-24,BA4BHDVRR2J7JYPA,Cash,100,0,GBP
Nov-24,BA4BHDVRR2J7JYPA,Cash,100,0,CAD
Nov-24,BA4BHDVRR2J7JYPA,Cash,100,0,CHF
Nov-24,BA4BHDVRR2J7JYPA,Cash,100,0,SEK
Nov-24,BA4BHDVRR2J7JYPA,Cash,100,0,JPY
Nov-24,BAJBHDVRR2EWG2AA,SEC,357850,218085,USD
Nov-24,BAJBHDVRR2EWG2AA,SEC,42968271,100654,USD
Nov-24,BAJBHDVRR2EWG2AA,SEC,19762787,90990,USD
Nov-24,BAJBHDVRR2EWG2AA,SEC,20105251,76144,USD
Nov-24,BAJBHDVRR2EWG2AA,SEC,30381537,131104,USD
Nov-24,BAJBHDVRR2EWG2AA,SEC,30372463,155867,USD
Nov-24,BAJBHDVRR2EWG2AA,SEC,43006020,245955,USD
Nov-24,BAJBHDVRR2EWG2AA,SEC,43580006,63629,USD
Nov-24,BAJBHDVRR2EWG2AA,SEC,59986178,123517,USD
Nov-24,BAJBHDVRR2EWG2AA,Cash,100,0,EUR
Nov-24,BAJBHDVRR2EWG2AA,Cash,100,0,CNY
Nov-24,BAJBHDVRR2EWG2AA,Cash,100,16073.59,USD
Nov-24,BAJBHDVRR2EWG2AA,Cash,100,0,HKD
Nov-24,BANBHDVR42Z9NXZA,SEC,591600,887279,USD
Nov-24,BANBHDVR42Z9NXZA,SEC,30184995,296100,USD
Nov-24,BANBHDVR42Z9NXZA,SEC,44805159,405383,USD
Nov-24,BANBHDVR42Z9NXZA,SEC,59986178,256291,USD
Nov-24,BANBHDVR42Z9NXZA,Cash,100,6471.93,USD
Nov-24,BCTBHDVRR2BHW29A,SEC,591600,3944514,NZD
Nov-24,BCTBHDVRR2BHW29A,SEC,591600,801380,HKD
Nov-24,BCTBHDVRR2BHW29A,Cash,100,0,HKD
Nov-24,BCTBHDVRR2BHW29A,Cash,100,0,USD
Nov-24,BCTBHDVRR2BHW29A,Cash,100,0,NZD
Nov-24,BDUBHDVRR2FB9BEA,SEC,680579,630000,USD
Nov-24,BDUBHDVRR2FB9BEA,SEC,706643,151200,USD
Nov-24,BDUBHDVRR2FB9BEA,SEC,1596180,142460,USD
Nov-24,BDUBHDVRR2FB9BEA,SEC,938298,140800,USD
Nov-24,BDUBHDVRR2FB9BEA,SEC,956952,113150,USD
Nov-24,BDUBHDVRR2FB9BEA,SEC,1595617,114394,CAD
Nov-24,BDUBHDVRR2FB9BEA,SEC,1888760,633873,CAD
Nov-24,BDUBHDVRR2FB9BEA,SEC,2788071,226100,USD
Nov-24,BDUBHDVRR2FB9BEA,SEC,2036521,89880,CAD
Nov-24,BDUBHDVRR2FB9BEA,SEC,3102249,279344,CAD
Nov-24,BDUBHDVRR2FB9BEA,SEC,3600792,263600,USD
Nov-24,BDUBHDVRR2FB9BEA,SEC,43527877,57090,CAD
Nov-24,BDUBHDVRR2FB9BEA,SEC,44543789,582959,CAD
Nov-24,BDUBHDVRR2FB9BEA,SEC,48045452,2303715,USD
Nov-24,BDUBHDVRR2FB9BEA,SEC,51180022,7899,CAD
Nov-24,BDUBHDVRR2FB9BEA,SEC,54447659,100800,USD
Nov-24,BDUBHDVRR2FB9BEA,SEC,3590522,263420,USD
Nov-24,BDUBHDVRR2FB9BEA,SEC,10218771,169125,USD
Nov-24,BDUBHDVRR2FB9BEA,SEC,111058081,496800,USD
Nov-24,BDUBHDVRR2FB9BEA,SEC,10806004,229220,CAD
Nov-24,BDUBHDVRR2FB9BEA,SEC,18574994,517650,USD
Nov-24,BDUBHDVRR2FB9BEA,SEC,21161526,34110,CAD
Nov-24,BDUBHDVRR2FB9BEA,SEC,21242285,181143,CAD
Nov-24,BDUBHDVRR2FB9BEA,SEC,30340271,244560,USD
Nov-24,BDUBHDVRR2FB9BEA,SEC,32699628,474022,CAD
Nov-24,BDUBHDVRR2FB9BEA,SEC,36068737,5745,CAD
Nov-24,BDUBHDVRR2FB9BEA,SEC,39853472,6185,USD
Nov-24,BDUBHDVRR2FB9BEA,SEC,44636368,136297,CAD
Nov-24,BDUBHDVRR2FB9BEA,SEC,45984648,3768870,USD
Nov-24,BDUBHDVRR2FB9BEA,SEC,49593383,227712,CAD
Nov-24,BDUBHDVRR2FB9BEA,SEC,51588066,467495,USD
Nov-24,BDUBHDVRR2FB9BEA,SEC,55675930,89000,USD
Nov-24,BDUBHDVRR2FB9BEA,SEC,57505885,41220,USD
Nov-24,BDUBHDVRR2FB9BEA,SEC,111058106,57520,CAD
Nov-24,BDUBHDVRR2FB9BEA,SEC,50942921,290302,CAD
Nov-24,BDUBHDVRR2FB9BEA,SEC,111964350,813587,CAD
Nov-24,BDUBHDVRR2FB9BEA,SEC,112616723,151320,USD
Nov-24,BDUBHDVRR2FB9BEA,SEC,118301472,212237,USD
Nov-24,BDUBHDVRR2FB9BEA,SEC,121978595,69567,CAD
Nov-24,BDUBHDVRR2FB9BEA,SEC,127207482,172518,CAD
Nov-24,BDUBHDVRR2FB9BEA,SEC,129535999,471258,CAD
Nov-24,BDUBHDVRR2FB9BEA,SEC,132844910,64920,CAD
Nov-24,BDUBHDVRR2FB9BEA,SEC,135002270,99400,USD
Nov-24,BDUBHDVRR2FB9BEA,SEC,135411145,768016,CAD
Nov-24,BDUBHDVRR2FB9BEA,SEC,136613554,275,USD
Nov-24,BDUBHDVRR2FB9BEA,SEC,136726291,258330,USD
Nov-24,BDUBHDVRR2FB9BEA,SEC,136936184,420590,USD
Nov-24,BDUBHDVRR2FB9BEA,Cash,100,7389.52,CAD
Nov-24,BDUBHDVRR2FB9BEA,Cash,100,45229.54,USD
Nov-24,BDUBHDVRR2FB9BEA,Cash,100,0,HKD
Nov-24,BDUBHDVRR2FB9BEA,Cash,100,3.42,SGD
Nov-24,BH2BHDVRR2AZFH3A,SEC,3227484,4331109,HKD
Nov-24,BH2BHDVRR2AZFH3A,SEC,2334217,772861,HKD
Nov-24,BH2BHDVRR2AZFH3A,SEC,10365945,863444,HKD
Nov-24,BH2BHDVRR2AZFH3A,SEC,10809630,3974898,HKD
Nov-24,BH2BHDVRR2AZFH3A,SEC,10802700,1,HKD
Nov-24,BH2BHDVRR2AZFH3A,SEC,18178564,965360,USD
Nov-24,BH2BHDVRR2AZFH3A,SEC,50872068,1874285,HKD
Nov-24,BH2BHDVRR2AZFH3A,SEC,59243064,48300,USD
Nov-24,BH2BHDVRR2AZFH3A,SEC,132063100,1960200,USD
Nov-24,BH2BHDVRR2AZFH3A,Cash,100,-332.11,HKD
Nov-24,BH2BHDVRR2AZFH3A,Cash,100,3249.32,USD
Nov-24,BH2BHDVRR2AZFH3A,Cash,100,0,EUR
Nov-24,BH5BHDVSR9576KXA,SEC,591600,957235,USD
Nov-24,BH5BHDVSR9576KXA,SEC,119842962,1074000,USD
Nov-24,BH5BHDVSR9576KXA,SEC,59199842,1087110,USD
Nov-24,BH5BHDVSR9576KXA,SEC,123732891,1084300,USD
Nov-24,BH5BHDVSR9576KXA,SEC,132659950,1016376,USD
Nov-24,BH5BHDVSR9576KXA,Cash,100,6692.07,USD
Nov-24,BH5BHDVSR9576KXA,Cash,100,33243.44,HKD
Nov-24,BHHBHDVR6LEEXFZA,SEC,411161,169562,GBP
Nov-24,BHHBHDVR6LEEXFZA,SEC,2263631,224672,USD
Nov-24,BHHBHDVR6LEEXFZA,SEC,24409862,252732,USD
Nov-24,BHHBHDVR6LEEXFZA,SEC,28438140,31314,USD
Nov-24,BHHBHDVR6LEEXFZA,SEC,32729038,138289,USD
Nov-24,BHHBHDVR6LEEXFZA,SEC,122827935,57253,AUD
Nov-24,BHHBHDVR6LEEXFZA,Cash,100,0,AUD
Nov-24,BHHBHDVR6LEEXFZA,Cash,100,238.94,USD
Nov-24,BHHBHDVR6LEEXFZA,Cash,100,0,HKD
Nov-24,BHHBHDVR6LEEXFZA,Cash,100,0,GBP
Nov-24,BHHBHDVR6LEEXFZA,Cash,100,0,JPY
Nov-24,BJVBHDVRRZ8RA3TA,SEC,357850,14667442,HKD
Nov-24,BJVBHDVRRZ8RA3TA,SEC,422197,4557600,HKD
Nov-24,BJVBHDVRRZ8RA3TA,Cash,100,982824.75,HKD
Nov-24,BJVBHDVRRZ8RA3TA,Cash,100,0,CNY
Nov-24,BJVBHDVRRZ8RA3TA,Cash,100,0,USD
Nov-24,BKBBHDVRR2CD38CA,SEC,903491,122283,USD
Nov-24,BKBBHDVRR2CD38CA,SEC,957150,51520,USD
Nov-24,BKBBHDVRR2CD38CA,SEC,986010,96180,USD
Nov-24,BKBBHDVRR2CD38CA,SEC,994529,4062000,USD
Nov-24,BKBBHDVRR2CD38CA,SEC,1631646,364565,USD
Nov-24,BKBBHDVRR2CD38CA,SEC,645156,316688,USD
Nov-24,BKBBHDVRR2CD38CA,SEC,494683,127875,USD
Nov-24,BKBBHDVRR2CD38CA,SEC,951692,164148,USD
Nov-24,BKBBHDVRR2CD38CA,SEC,761808,52875,JPY
Nov-24,BKBBHDVRR2CD38CA,SEC,784523,59883,JPY
Nov-24,BKBBHDVRR2CD38CA,SEC,762568,88988,JPY
Nov-24,BKBBHDVRR2CD38CA,SEC,1873858,45471,HKD
Nov-24,BKBBHDVRR2CD38CA,SEC,1272044,150684,CNY
Nov-24,BKBBHDVRR2CD38CA,SEC,36244719,377280,USD
Nov-24,BKBBHDVRR2CD38CA,SEC,2334217,38643,HKD
Nov-24,BKBBHDVRR2CD38CA,SEC,11152494,59415,HKD
Nov-24,BKBBHDVRR2CD38CA,SEC,11787455,68032,USD
Nov-24,BKBBHDVRR2CD38CA,SEC,22423967,89240,USD
Nov-24,BKBBHDVRR2CD38CA,SEC,24014323,53907,HKD
Nov-24,BKBBHDVRR2CD38CA,SEC,26138501,207782,USD
Nov-24,BKBBHDVRR2CD38CA,SEC,29798540,342580,USD
Nov-24,BKBBHDVRR2CD38CA,SEC,32071836,97900,USD
Nov-24,BKBBHDVRR2CD38CA,SEC,36806283,203680,USD
Nov-24,BKBBHDVRR2CD38CA,SEC,41112361,135136,USD
Nov-24,BKBBHDVRR2CD38CA,SEC,41887067,92612,USD
Nov-24,BKBBHDVRR2CD38CA,SEC,56895161,150477,USD
Nov-24,BKBBHDVRR2CD38CA,SEC,132999410,4681,HKD
Nov-24,BKBBHDVRR2CD38CA,Cash,100,22927.13,USD
Nov-24,BKBBHDVRR2CD38CA,Cash,100,64634.55,HKD
Nov-24,BKBBHDVRR2CD38CA,Cash,100,1315.14,JPY
Nov-24,BKBBHDVRR2CD38CA,Cash,100,0,AUD
Nov-24,BKBBHDVRR2CD38CA,Cash,100,0,EUR
Nov-24,BKBBHDVRR2CD38CA,Cash,100,4425.27,CNY
Nov-24,BKBBHDVRR2CD38CA,Cash,100,0,CHF
Nov-24,BNBBHDVRR2EZWL6A,SEC,357850,344451,USD
Nov-24,BNBBHDVRR2EZWL6A,SEC,923916,49552,USD
Nov-24,BNBBHDVRR2EZWL6A,SEC,984192,100601,USD
Nov-24,BNBBHDVRR2EZWL6A,SEC,994529,1354000,USD
Nov-24,BNBBHDVRR2EZWL6A,SEC,512613,126587,USD
Nov-24,BNBBHDVRR2EZWL6A,SEC,2701700,203432,USD
Nov-24,BNBBHDVRR2EZWL6A,SEC,10216395,228185,USD
Nov-24,BNBBHDVRR2EZWL6A,SEC,20152466,252773,USD
Nov-24,BNBBHDVRR2EZWL6A,SEC,28164162,2698,USD
Nov-24,BNBBHDVRR2EZWL6A,SEC,29798545,224445,USD
Nov-24,BNBBHDVRR2EZWL6A,SEC,33144092,328385,USD
Nov-24,BNBBHDVRR2EZWL6A,SEC,16003270,281290,USD
Nov-24,BNBBHDVRR2EZWL6A,SEC,16003269,0,USD
Nov-24,BNBBHDVRR2EZWL6A,SEC,33765461,101636,USD
Nov-24,BNBBHDVRR2EZWL6A,SEC,35753683,157053,USD
Nov-24,BNBBHDVRR2EZWL6A,SEC,36415876,244311,USD
Nov-24,BNBBHDVRR2EZWL6A,SEC,43580005,255425,USD
Nov-24,BNBBHDVRR2EZWL6A,SEC,45078036,241815,USD
Nov-24,BNBBHDVRR2EZWL6A,SEC,44887390,231830,USD
Nov-24,BNBBHDVRR2EZWL6A,SEC,16003944,205130,USD
Nov-24,BNBBHDVRR2EZWL6A,SEC,16003943,0,USD
Nov-24,BNBBHDVRR2EZWL6A,SEC,16003945,0,USD
Nov-24,BNBBHDVRR2EZWL6A,SEC,116532987,104386,USD
Nov-24,BNBBHDVRR2EZWL6A,SEC,124130575,211444,USD
Nov-24,BNBBHDVRR2EZWL6A,SEC,16004830,0,USD
Nov-24,BNBBHDVRR2EZWL6A,SEC,132899398,101190,USD
Nov-24,BNBBHDVRR2EZWL6A,Cash,100,0,HKD
Nov-24,BNBBHDVRR2EZWL6A,Cash,100,236900.77,USD
Nov-24,BRLBHDVRR2ER9ZNA,SEC,357850,515533,USD
Nov-24,BRLBHDVRR2ER9ZNA,SEC,357850,953243,HKD
Nov-24,BRLBHDVRR2ER9ZNA,SEC,10627672,356503,USD
Nov-24,BRLBHDVRR2ER9ZNA,SEC,27142833,215281,USD
Nov-24,BRLBHDVRR2ER9ZNA,SEC,41207668,105820,USD
Nov-24,BRLBHDVRR2ER9ZNA,SEC,44887390,652318,USD
Nov-24,BRLBHDVRR2ER9ZNA,SEC,113765302,276900,USD
Nov-24,BRLBHDVRR2ER9ZNA,SEC,116110702,609805,USD
Nov-24,BRLBHDVRR2ER9ZNA,SEC,127305146,324329,USD
Nov-24,BRLBHDVRR2ER9ZNA,Cash,100,8892.91,USD
Nov-24,BRLBHDVRR2ER9ZNA,Cash,100,0,HKD
Apr-25,A2JBHDVRR2FK5VWA,SEC,12438228,91385,SGD
Apr-25,A2JBHDVRR2FK5VWA,SEC,20086074,29737,IDR
Apr-25,A2JBHDVRR2FK5VWA,SEC,26033639,159243,HKD
Apr-25,A2JBHDVRR2FK5VWA,SEC,38584636,111930,USD
Apr-25,A2JBHDVRR2FK5VWA,Cash,100,0,CNY
Apr-25,A2JBHDVRR2FK5VWA,Cash,100,9250.52,SGD
Apr-25,A2JBHDVRR2FK5VWA,Cash,100,0,IDR
Apr-25,A2JBHDVRR2FK5VWA,Cash,100,15449.4,USD
Apr-25,A2JBHDVRR2FK5VWA,Cash,100,117.01,HKD
Apr-25,A2JBHDVRR2FK5VWA,Cash,100,0,EUR
Apr-25,A2JBHDVRR2FK5VWA,Cash,100,0,JPY
Apr-25,A2PBHDVRR2CQCENA,SEC,591600,190895,AUD
Apr-25,A2PBHDVRR2CQCENA,SEC,591600,125199,USD
Apr-25,A2PBHDVRR2CQCENA,SEC,411161,46553,HKD
Apr-25,A2PBHDVRR2CQCENA,SEC,2195292,19571,HKD
Apr-25,A2PBHDVRR2CQCENA,SEC,27931966,1366,HKD
Apr-25,A2PBHDVRR2CQCENA,SEC,36415859,348315,USD
Apr-25,A2PBHDVRR2CQCENA,SEC,41207670,73681,USD
Apr-25,A2PBHDVRR2CQCENA,SEC,56801627,6656,USD
Apr-25,A2PBHDVRR2CQCENA,SEC,132899372,99171,USD
Apr-25,A2PBHDVRR2CQCENA,Cash,100,6085.05,HKD
Apr-25,A2PBHDVRR2CQCENA,Cash,100,0,EUR
Apr-25,A2PBHDVRR2CQCENA,Cash,100,5114.83,USD
Apr-25,A2PBHDVRR2CQCENA,Cash,100,64225,AUD
Apr-25,A2PBHDVRR2CQCENA,Cash,100,0,NZD
Apr-25,A2PBHDVRR2CQCENA,Cash,100,0,GBP
Apr-25,A2WBHDVRR2FFKQNA,SEC,29558853,11335,SGD
Apr-25,A2WBHDVRR2FFKQNA,Cash,100,0,USD
Apr-25,A2WBHDVRR2FFKQNA,Cash,100,0,EUR
Apr-25,A2WBHDVRR2FFKQNA,Cash,100,1195.24,SGD
Apr-25,A2WBHDVRR2FFKQNA,Cash,100,0,HKD
Apr-25,A3FBHDVRR2FKRHHA,SEC,591600,67381,AUD
Apr-25,A3FBHDVRR2FKRHHA,SEC,591600,320048,EUR
Apr-25,A3FBHDVRR2FKRHHA,SEC,984192,182340,USD
Apr-25,A3FBHDVRR2FKRHHA,SEC,2340620,187006,USD
Apr-25,A3FBHDVRR2FKRHHA,SEC,43359089,156845,USD
Apr-25,A3FBHDVRR2FKRHHA,SEC,10873658,7514,IDR
Apr-25,A3FBHDVRR2FKRHHA,SEC,21815311,328735,USD
Apr-25,A3FBHDVRR2FKRHHA,SEC,16003120,0,USD
Apr-25,A3FBHDVRR2FKRHHA,SEC,16003121,197836,USD
Apr-25,A3FBHDVRR2FKRHHA,SEC,38497535,833652,USD
Apr-25,A3FBHDVRR2FKRHHA,SEC,44023672,411785,USD
Apr-25,A3FBHDVRR2FKRHHA,SEC,51116731,60774,HKD
Apr-25,A3FBHDVRR2FKRHHA,SEC,16004805,0,USD
Apr-25,A3FBHDVRR2FKRHHA,Cash,100,39817.96,IDR
Apr-25,A3FBHDVRR2FKRHHA,Cash,100,5306.09,USD
Apr-25,A3FBHDVRR2FKRHHA,Cash,100,0,EUR
Apr-25,A3FBHDVRR2FKRHHA,Cash,100,0,JPY
Apr-25,A3FBHDVRR2FKRHHA,Cash,100,0,HKD
Apr-25,A3FBHDVRR2FKRHHA,Cash,100,0,CHF
Apr-25,A3FBHDVRR2FKRHHA,Cash,100,0,SGD
Apr-25,A3FBHDVRR2FKRHHA,Cash,100,0,AUD
Apr-25,A3FBHDVSRGFTE49A,SEC,357850,240516,USD
Apr-25,A3FBHDVSRGFTE49A,SEC,2546720,298300,USD
Apr-25,A3FBHDVSRGFTE49A,SEC,47922753,53470,EUR
Apr-25,A3FBHDVSRGFTE49A,SEC,110098380,186713,USD
Apr-25,A3FBHDVSRGFTE49A,SEC,123722421,48263,USD
Apr-25,A3FBHDVSRGFTE49A,SEC,128604738,145319,EUR
Apr-25,A3FBHDVSRGFTE49A,Cash,100,897.46,USD
Apr-25,A3FBHDVSRGFTE49A,Cash,100,151887.53,EUR
Apr-25,A3GBHDVS6BD6NEEA,SEC,110235122,70,USD
Apr-25,A3GBHDVS6BD6NEEA,SEC,111548840,29837,USD
Apr-25,A3GBHDVS6BD6NEEA,SEC,111547530,26526,USD
Apr-25,A3GBHDVS6BD6NEEA,Cash,100,209.7,USD
Apr-25,A3XBHDVT653CGGDA,SEC,1058002,22711,HKD
Apr-25,A3XBHDVT653CGGDA,SEC,1842714,19837,HKD
Apr-25,A3XBHDVT653CGGDA,SEC,1714873,41639,HKD
Apr-25,A3XBHDVT653CGGDA,SEC,3851175,99432,HKD
Apr-25,A3XBHDVT653CGGDA,SEC,11872025,49218,HKD
Apr-25,A3XBHDVT653CGGDA,SEC,14425550,12829,HKD
Apr-25,A3XBHDVT653CGGDA,SEC,2178592,22337,HKD
Apr-25,A3XBHDVT653CGGDA,SEC,24014323,91450,HKD
Apr-25,A3XBHDVT653CGGDA,SEC,27577632,42380,HKD
Apr-25,A3XBHDVT653CGGDA,SEC,28906749,6767,HKD
Apr-25,A3XBHDVT653CGGDA,SEC,34326293,9385,USD
Apr-25,A3XBHDVT653CGGDA,SEC,38383802,12181,HKD
Apr-25,A3XBHDVT653CGGDA,SEC,43558773,17027,HKD
Apr-25,A3XBHDVT653CGGDA,SEC,43648956,32337,HKD
Apr-25,A3XBHDVT653CGGDA,SEC,51116731,48915,HKD
Apr-25,A3XBHDVT653CGGDA,SEC,55256713,9171,HKD
Apr-25,A3XBHDVT653CGGDA,SEC,54540945,54010,USD
Apr-25,A3XBHDVT653CGGDA,SEC,58316884,26797,HKD
Apr-25,A3XBHDVT653CGGDA,SEC,143591152,28666,HKD
Apr-25,A3XBHDVT653CGGDA,Cash,100,3145.91,HKD
Apr-25,A3XBHDVT653CGGDA,Cash,100,5856.99,USD
Apr-25,A4BBHDVR5RUT4PUA,SEC,994529,463335,USD
Apr-25,A4BBHDVR5RUT4PUA,SEC,1735703,133019,HKD
Apr-25,A4BBHDVR5RUT4PUA,SEC,2011708,7565768,HKD
Apr-25,A4BBHDVR5RUT4PUA,SEC,10774335,28308,HKD
Apr-25,A4BBHDVR5RUT4PUA,SEC,11448018,2277834,USD
Apr-25,A4BBHDVR5RUT4PUA,SEC,14917609,1821335,USD
Apr-25,A4BBHDVR5RUT4PUA,SEC,24014323,24130725,HKD
Apr-25,A4BBHDVR5RUT4PUA,SEC,24409862,178320,USD
Apr-25,A4BBHDVR5RUT4PUA,SEC,43558773,5959424,HKD
Apr-25,A4BBHDVR5RUT4PUA,SEC,51116731,17194489,HKD
Apr-25,A4BBHDVR5RUT4PUA,SEC,121083620,131730,HKD
Apr-25,A4BBHDVR5RUT4PUA,Cash,100,-519.12,HKD
Apr-25,A4BBHDVR5RUT4PUA,Cash,100,-2262,USD
Apr-25,A4BBHDVR5RUT4PUA,Cash,100,132.93,SGD
Apr-25,A4HBHDVRR2FMQXGA,SEC,22570472,27221,IDR
Apr-25,A4HBHDVRR2FMQXGA,Cash,100,1879.23,USD
Apr-25,A4HBHDVRR2FMQXGA,Cash,100,108.07,AUD
Apr-25,A4HBHDVRR2FMQXGA,Cash,100,1.08,SGD
Apr-25,A4HBHDVRR2FMQXGA,Cash,100,0,CNY
Apr-25,A4HBHDVRR2FMQXGA,Cash,100,0,HKD
Apr-25,A4HBHDVRR2FMQXGA,Cash,100,0,IDR
Apr-25,A4HBHDVRR2FMQXGA,Cash,100,0,EUR
Apr-25,A4HBHDVRR2FMQXGA,Cash,100,0,JPY
Apr-25,A4NBHDVRR2F5P8KA,SEC,357850,77878,EUR
Apr-25,A4NBHDVRR2F5P8KA,SEC,357850,109537,GBP
Apr-25,A4NBHDVRR2F5P8KA,SEC,357850,98480,USD
Apr-25,A4NBHDVRR2F5P8KA,SEC,591600,10248146,USD
Apr-25,A4NBHDVRR2F5P8KA,SEC,833675,32984,USD
Apr-25,A4NBHDVRR2F5P8KA,SEC,984192,428499,USD
Apr-25,A4NBHDVRR2F5P8KA,SEC,402331,121135,GBP
Apr-25,A4NBHDVRR2F5P8KA,SEC,2676862,1309431,SEK
Apr-25,A4NBHDVRR2F5P8KA,SEC,3471218,3,GBP
Apr-25,A4NBHDVRR2F5P8KA,SEC,3469403,137729,EUR
Apr-25,A4NBHDVRR2F5P8KA,SEC,3023898,967072,IDR
Apr-25,A4NBHDVRR2F5P8KA,SEC,10773929,0,GBP
Apr-25,A4NBHDVRR2F5P8KA,SEC,12105513,43806311,IDR
Apr-25,A4NBHDVRR2F5P8KA,SEC,25974740,1933577,EUR
Apr-25,A4NBHDVRR2F5P8KA,SEC,33765401,971,USD
Apr-25,A4NBHDVRR2F5P8KA,SEC,36427552,462680,USD
Apr-25,A4NBHDVRR2F5P8KA,SEC,39040724,228,GBP
Apr-25,A4NBHDVRR2F5P8KA,SEC,43756548,297567,USD
Apr-25,A4NBHDVRR2F5P8KA,SEC,56799254,1764,USD
Apr-25,A4NBHDVRR2F5P8KA,SEC,57260673,17980,USD
Apr-25,A4NBHDVRR2F5P8KA,SEC,58382412,16314,USD
Apr-25,A4NBHDVRR2F5P8KA,SEC,37627976,952,GBP
Apr-25,A4NBHDVRR2F5P8KA,SEC,131406303,59403,EUR
Apr-25,A4NBHDVRR2F5P8KA,Cash,100,0,EUR
Apr-25,A4NBHDVRR2F5P8KA,Cash,100,0,HKD
Apr-25,A4NBHDVRR2F5P8KA,Cash,100,0,USD
Apr-25,A4NBHDVRR2F5P8KA,Cash,100,0,CNY
Apr-25,A4NBHDVRR2F5P8KA,Cash,100,31.06,AUD
Apr-25,A4NBHDVRR2F5P8KA,Cash,100,892.7,GBP
Apr-25,A4UBHDVRR2FXXDSA,SEC,16003342,329936,USD
Apr-25,A4UBHDVRR2FXXDSA,SEC,16003341,0,USD
Apr-25,A4UBHDVRR2FXXDSA,SEC,16004110,173088,USD
Apr-25,A4UBHDVRR2FXXDSA,SEC,16004109,0,USD
Apr-25,A4UBHDVRR2FXXDSA,SEC,16004111,0,USD
Apr-25,A4UBHDVRR2FXXDSA,SEC,16004188,0,USD
Apr-25,A4UBHDVRR2FXXDSA,SEC,16004190,0,USD
Apr-25,A4UBHDVRR2FXXDSA,SEC,16004189,256396,USD
Apr-25,A4UBHDVRR2FXXDSA,SEC,16004831,0,USD
Apr-25,A4UBHDVRR2FXXDSA,Cash,100,44299.05,USD
Apr-25,A4UBHDVRR2FXXDSA,Cash,100,0,EUR
Apr-25,A4UBHDVRR2FXXDSA,Cash,100,0,SGD
Apr-25,A4UBHDVRR2FXXDSA,Cash,100,0,HKD
Apr-25,A4XBHDVRR2GDW64A,SEC,357850,280824,USD
Apr-25,A4XBHDVRR2GDW64A,SEC,941595,203400,USD
Apr-25,A4XBHDVRR2GDW64A,SEC,36244719,1346528,USD
Apr-25,A4XBHDVRR2GDW64A,SEC,11448018,3796390,USD
Apr-25,A4XBHDVRR2GDW64A,SEC,105190659,-336557,USD
Apr-25,A4XBHDVRR2GDW64A,SEC,105193569,-332639,USD
Apr-25,A4XBHDVRR2GDW64A,Cash,100,0,CNY
Apr-25,A4XBHDVRR2GDW64A,Cash,100,0,EUR
Apr-25,A4XBHDVRR2GDW64A,Cash,100,0,HKD
Apr-25,A4XBHDVRR2GDW64A,Cash,100,74328.54,USD
Apr-25,A5MBHDVVE3M58U4A,SEC,724641,84707,USD
Apr-25,A5MBHDVVE3M58U4A,SEC,994529,194601,USD
Apr-25,A5MBHDVVE3M58U4A,SEC,645156,284833,USD
Apr-25,A5MBHDVVE3M58U4A,SEC,908440,425588,USD
Apr-25,A5MBHDVVE3M58U4A,SEC,951692,392464,USD
Apr-25,A5MBHDVVE3M58U4A,SEC,29798545,531557,USD
Apr-25,A5MBHDVVE3M58U4A,SEC,30608357,0,USD
Apr-25,A5MBHDVVE3M58U4A,SEC,40010114,322695,USD
Apr-25,A5MBHDVVE3M58U4A,SEC,58460132,132800,USD
Apr-25,A5MBHDVVE3M58U4A,SEC,116110551,121071,USD
Apr-25,A5MBHDVVE3M58U4A,SEC,124130552,345818,USD
Apr-25,A5MBHDVVE3M58U4A,SEC,126559383,228036,USD
Apr-25,A5MBHDVVE3M58U4A,SEC,140294813,250437,EUR
Apr-25,A5MBHDVVE3M58U4A,Cash,100,34652.24,USD
Apr-25,A5MBHDVVE3M58U4A,Cash,100,355.68,JPY
Apr-25,A5MBHDVVE3M58U4A,Cash,100,102.1,GBP
Apr-25,A5MBHDVVE3M58U4A,Cash,100,52.79,AUD
Apr-25,A5MBHDVVE3M58U4A,Cash,100,17666.8,HKD
Apr-25,A5MBHDVVE3M58U4A,Cash,100,19718.81,DKK
Apr-25,A5MBHDVVE3M58U4A,Cash,100,0,EUR
Apr-25,A5NBHDVRR2D94D4A,SEC,357850,174753,USD
Apr-25,A5NBHDVRR2D94D4A,SEC,357850,532310,HKD
Apr-25,A5NBHDVRR2D94D4A,SEC,2690650,86037,HKD
Apr-25,A5NBHDVRR2D94D4A,SEC,48045452,2575500,USD
Apr-25,A5NBHDVRR2D94D4A,SEC,14233262,382,HKD
Apr-25,A5NBHDVRR2D94D4A,SEC,24620337,73694,HKD
Apr-25,A5NBHDVRR2D94D4A,SEC,42399032,1834809,HKD
Apr-25,A5NBHDVRR2D94D4A,SEC,45984648,3760750,USD
Apr-25,A5NBHDVRR2D94D4A,SEC,47194804,86000,USD
Apr-25,A5NBHDVRR2D94D4A,SEC,51197857,3144000,USD
Apr-25,A5NBHDVRR2D94D4A,SEC,51856894,415625,USD
Apr-25,A5NBHDVRR2D94D4A,SEC,51857410,82100,USD
Apr-25,A5NBHDVRR2D94D4A,SEC,56308728,369000,USD
Apr-25,A5NBHDVRR2D94D4A,SEC,56308726,73400,USD
Apr-25,A5NBHDVRR2D94D4A,SEC,58226555,10472579,USD
Apr-25,A5NBHDVRR2D94D4A,SEC,139830473,422450,USD
Apr-25,A5NBHDVRR2D94D4A,SEC,139830476,291805,USD
Apr-25,A5NBHDVRR2D94D4A,Cash,100,212350.92,JPY
Apr-25,A5NBHDVRR2D94D4A,Cash,100,0,CNY
Apr-25,A5NBHDVRR2D94D4A,Cash,100,0,EUR
Apr-25,A5NBHDVRR2D94D4A,Cash,100,-212024.92,HKD
Apr-25,A5NBHDVRR2D94D4A,Cash,100,0,USD
Apr-25,A5NBHDVRR2D94D4A,Cash,100,0,GBP
Apr-25,A5NBHDVRR2D94D4A,Cash,100,0,CAD
Apr-25,A5VBHDVRR2EJAPZA,SEC,36830487,18125,USD
Apr-25,A5VBHDVRR2EJAPZA,SEC,37267688,13813,USD
Apr-25,A5VBHDVRR2EJAPZA,SEC,120442938,13888,USD
Apr-25,A5VBHDVRR2EJAPZA,Cash,100,-2568.45,HKD
Apr-25,A5VBHDVRR2EJAPZA,Cash,100,0,EUR
Apr-25,A5VBHDVRR2EJAPZA,Cash,100,0,SGD
Apr-25,A5VBHDVRR2EJAPZA,Cash,100,-235,USD
Apr-25,A5VBHDVRR2EJAPZA,Cash,100,0,NZD
Apr-25,A5VBHDVRR2EJAPZA,Cash,100,0,CHF
Apr-25,A62BHDVRR2EM3Y6A,SEC,680579,356661,USD
Apr-25,A62BHDVRR2EM3Y6A,SEC,994529,713400,USD
Apr-25,A62BHDVRR2EM3Y6A,SEC,410257,406301,USD
Apr-25,A62BHDVRR2EM3Y6A,SEC,3109814,597015,USD
Apr-25,A62BHDVRR2EM3Y6A,SEC,4752662,534185,USD
Apr-25,A62BHDVRR2EM3Y6A,SEC,20085930,348709,USD
Apr-25,A62BHDVRR2EM3Y6A,SEC,33717137,286197,USD
Apr-25,A62BHDVRR2EM3Y6A,SEC,44023672,478806,USD
Apr-25,A62BHDVRR2EM3Y6A,SEC,50164128,556729,USD
Apr-25,A62BHDVRR2EM3Y6A,SEC,50840049,582361,USD
Apr-25,A62BHDVRR2EM3Y6A,SEC,113742301,429499,EUR
Apr-25,A62BHDVRR2EM3Y6A,Cash,100,15815.94,USD
Apr-25,A62BHDVRR2EM3Y6A,Cash,100,0,SGD
Apr-25,A62BHDVRR2EM3Y6A,Cash,100,0,EUR
Apr-25,A62BHDVRR2EM3Y6A,Cash,100,0,HKD
Apr-25,A6DBHDVVDUJT5G5A,SEC,18525320,1837713,IDR
Apr-25,A6DBHDVVDUJT5G5A,SEC,22816036,230100,USD
Apr-25,A6DBHDVVDUJT5G5A,SEC,56982999,256728,USD
Apr-25,A6DBHDVVDUJT5G5A,SEC,116532986,324265,USD
Apr-25,A6DBHDVVDUJT5G5A,SEC,118053829,195992,USD
Apr-25,A6DBHDVVDUJT5G5A,SEC,132902107,371892,USD
Apr-25,A6DBHDVVDUJT5G5A,SEC,132659849,313346,USD
Apr-25,A6DBHDVVDUJT5G5A,SEC,138362748,219720,USD
Apr-25,A6DBHDVVDUJT5G5A,Cash,100,5585.33,USD
Apr-25,A6DBHDVVDUJT5G5A,Cash,100,0,IDR
Apr-25,A6ZBHDVRR2DBNCMA,SEC,357850,132285,USD
Apr-25,A6ZBHDVRR2DBNCMA,SEC,461641,69982,USD
Apr-25,A6ZBHDVRR2DBNCMA,SEC,288055,99390,USD
Apr-25,A6ZBHDVRR2DBNCMA,SEC,2577176,45239,USD
Apr-25,A6ZBHDVRR2DBNCMA,SEC,39219056,286295,USD
Apr-25,A6ZBHDVRR2DBNCMA,SEC,12915350,79556,USD
Apr-25,A6ZBHDVRR2DBNCMA,SEC,20085930,77269,USD
Apr-25,A6ZBHDVRR2DBNCMA,SEC,27983540,155653,USD
Apr-25,A6ZBHDVRR2DBNCMA,SEC,29228421,29428,USD
Apr-25,A6ZBHDVRR2DBNCMA,SEC,35753642,157683,USD
Apr-25,A6ZBHDVRR2DBNCMA,SEC,36472841,299255,USD
Apr-25,A6ZBHDVRR2DBNCMA,SEC,30164303,93802,USD
Apr-25,A6ZBHDVRR2DBNCMA,SEC,44887387,113610,USD
Apr-25,A6ZBHDVRR2DBNCMA,SEC,56314427,36549,USD
Apr-25,A6ZBHDVRR2DBNCMA,SEC,56695520,87590,USD
Apr-25,A6ZBHDVRR2DBNCMA,SEC,119807931,84978,USD
Apr-25,A6ZBHDVRR2DBNCMA,SEC,123722421,34864,USD
Apr-25,A6ZBHDVRR2DBNCMA,SEC,122201361,70689,USD
Apr-25,A6ZBHDVRR2DBNCMA,SEC,126961245,60260,USD
Apr-25,A6ZBHDVRR2DBNCMA,SEC,136566000,99462,USD
Apr-25,A6ZBHDVRR2DBNCMA,SEC,136576459,53611,USD
Apr-25,A6ZBHDVRR2DBNCMA,SEC,140765584,99620,USD
Apr-25,A6ZBHDVRR2DBNCMA,Cash,100,0,HKD
Apr-25,A6ZBHDVRR2DBNCMA,Cash,100,6081.5,USD
Apr-25,A6ZBHDVRR2DBNCMA,Cash,100,18.17,CHF
Apr-25,A6ZBHDVRR2DBNCMA,Cash,100,0,EUR
Apr-25,A6ZBHDVRR2DBNCMA,Cash,100,6.53,AUD
Apr-25,A6ZBHDVRR2DBNCMA,Cash,100,0,IDR
Apr-25,A76BHDVRR2FYH9EA,SEC,357850,61363,USD
Apr-25,A76BHDVRR2FYH9EA,SEC,748628,219145,USD
Apr-25,A76BHDVRR2FYH9EA,SEC,958611,547913,USD
Apr-25,A76BHDVRR2FYH9EA,SEC,908440,844840,USD
Apr-25,A76BHDVRR2FYH9EA,SEC,4258191,306060,USD
Apr-25,A76BHDVRR2FYH9EA,SEC,1147613,1124164,HKD
Apr-25,A76BHDVRR2FYH9EA,SEC,10469166,66896,HKD
Apr-25,A76BHDVRR2FYH9EA,SEC,24014323,2175972,HKD
Apr-25,A76BHDVRR2FYH9EA,SEC,24544787,281002,HKD
Apr-25,A76BHDVRR2FYH9EA,SEC,24409862,808384,USD
Apr-25,A76BHDVRR2FYH9EA,SEC,37327935,417192,SGD
Apr-25,A76BHDVRR2FYH9EA,SEC,43558773,52256,HKD
Apr-25,A76BHDVRR2FYH9EA,SEC,46209336,301146,USD
Apr-25,A76BHDVRR2FYH9EA,SEC,51116731,1253271,HKD
Apr-25,A76BHDVRR2FYH9EA,SEC,55256713,22579,HKD
Apr-25,A76BHDVRR2FYH9EA,SEC,55889123,106330,USD
Apr-25,A76BHDVRR2FYH9EA,SEC,105213313,-33583,USD
Apr-25,A76BHDVRR2FYH9EA,SEC,105239580,-101982,USD
Apr-25,A76BHDVRR2FYH9EA,SEC,140937675,1786600,USD
Apr-25,A76BHDVRR2FYH9EA,SEC,142886873,693675,USD
Apr-25,A76BHDVRR2FYH9EA,Cash,100,5573.77,HKD
Apr-25,A76BHDVRR2FYH9EA,Cash,100,0,GBP
Apr-25,A76BHDVRR2FYH9EA,Cash,100,0,SGD
Apr-25,A76BHDVRR2FYH9EA,Cash,100,312.52,EUR
Apr-25,A76BHDVRR2FYH9EA,Cash,100,0,CNY
Apr-25,A76BHDVRR2FYH9EA,Cash,100,-8,USD
Apr-25,A7GBHDVRRZ8Y774A,SEC,357850,187874,USD
Apr-25,A7GBHDVRRZ8Y774A,SEC,539377,131041,USD
Apr-25,A7GBHDVRRZ8Y774A,SEC,1143143,211861,USD
Apr-25,A7GBHDVRRZ8Y774A,SEC,1265505,475230,USD
Apr-25,A7GBHDVRRZ8Y774A,SEC,2231362,83735,USD
Apr-25,A7GBHDVRRZ8Y774A,SEC,2340620,136696,USD
Apr-25,A7GBHDVRRZ8Y774A,SEC,2836189,138966,EUR
Apr-25,A7GBHDVRRZ8Y774A,SEC,3948007,78952,EUR
Apr-25,A7GBHDVRRZ8Y774A,SEC,16000934,0,USD
Apr-25,A7GBHDVRRZ8Y774A,SEC,16000932,0,USD
Apr-25,A7GBHDVRRZ8Y774A,SEC,16001726,0,USD
Apr-25,A7GBHDVRRZ8Y774A,SEC,16002605,0,USD
Apr-25,A7GBHDVRRZ8Y774A,SEC,19782762,95456,AUD
Apr-25,A7GBHDVRRZ8Y774A,SEC,20333847,351963,USD
Apr-25,A7GBHDVRRZ8Y774A,SEC,41960402,172585,EUR
Apr-25,A7GBHDVRRZ8Y774A,SEC,42535554,285437,EUR
Apr-25,A7GBHDVRRZ8Y774A,SEC,42662504,355241,USD
Apr-25,A7GBHDVRRZ8Y774A,SEC,115092609,242712,GBP
Apr-25,A7GBHDVRRZ8Y774A,SEC,129451372,141415,USD
Apr-25,A7GBHDVRRZ8Y774A,Cash,100,0,SGD
Apr-25,A7GBHDVRRZ8Y774A,Cash,100,0,GBP
Apr-25,A7GBHDVRRZ8Y774A,Cash,100,0,CHF
Apr-25,A7GBHDVRRZ8Y774A,Cash,100,2662.95,EUR
Apr-25,A7GBHDVRRZ8Y774A,Cash,100,0,HKD
Apr-25,A7GBHDVRRZ8Y774A,Cash,100,0,IDR
Apr-25,A7GBHDVRRZ8Y774A,Cash,100,11928.68,AUD
Apr-25,A7GBHDVRRZ8Y774A,Cash,100,841.53,USD
Apr-25,A7GBHDVRRZ8Y774A,Cash,100,0,MYR
Apr-25,A7GBHDVRRZ8Y774A,Cash,100,0,JPY
Apr-25,A8WBHDVVAM6GLWDA,SEC,21378534,125628,USD
Apr-25,A8WBHDVVAM6GLWDA,SEC,26204133,249115,SGD
Apr-25,A8WBHDVVAM6GLWDA,SEC,30474506,154971,SGD
Apr-25,A8WBHDVVAM6GLWDA,SEC,30734387,88019,SGD
Apr-25,A8WBHDVVAM6GLWDA,SEC,116532989,261209,USD
Apr-25,A8WBHDVVAM6GLWDA,SEC,124130549,272867,USD
Apr-25,A8WBHDVVAM6GLWDA,SEC,126961245,312312,USD
Apr-25,A8WBHDVVAM6GLWDA,SEC,129305045,213761,SGD
Apr-25,A8WBHDVVAM6GLWDA,SEC,140974171,207212,SGD
Apr-25,A8WBHDVVAM6GLWDA,SEC,142535605,125636,SGD
Apr-25,A8WBHDVVAM6GLWDA,Cash,100,0,USD
Apr-25,A8WBHDVVAM6GLWDA,Cash,100,0,SGD
Apr-25,A8ZBHDVTZEURRHQA,SEC,125034615,1181097,USD
Apr-25,A8ZBHDVTZEURRHQA,SEC,137531080,1673910,USD
Apr-25,A8ZBHDVTZEURRHQA,Cash,100,65835.27,USD
Apr-25,A8ZBHDVTZEURRHQA,Cash,100,47.7,EUR
Apr-25,A8ZBHDVTZEURRHQA,Cash,100,103.58,GBP
Apr-25,ATPBHDVRR2ACLMKA,SEC,539377,522738,USD
Apr-25,ATPBHDVRR2ACLMKA,SEC,512613,197700,USD
Apr-25,ATPBHDVRR2ACLMKA,SEC,1211929,301916,USD
Apr-25,ATPBHDVRR2ACLMKA,SEC,1034579,309130,USD
Apr-25,ATPBHDVRR2ACLMKA,SEC,2340620,220729,USD
Apr-25,ATPBHDVRR2ACLMKA,SEC,2577179,185285,USD
Apr-25,ATPBHDVRR2ACLMKA,SEC,3042331,145813,EUR
Apr-25,ATPBHDVRR2ACLMKA,SEC,940052,659034,USD
Apr-25,ATPBHDVRR2ACLMKA,SEC,3042329,259402,USD
Apr-25,ATPBHDVRR2ACLMKA,SEC,1512295,300000,USD
Apr-25,ATPBHDVRR2ACLMKA,SEC,20152466,354822,USD
Apr-25,ATPBHDVRR2ACLMKA,SEC,22386409,264516,USD
Apr-25,ATPBHDVRR2ACLMKA,SEC,24476758,37623,CHF
Apr-25,ATPBHDVRR2ACLMKA,SEC,41207668,166973,USD
Apr-25,ATPBHDVRR2ACLMKA,SEC,42535552,948079,USD
Apr-25,ATPBHDVRR2ACLMKA,SEC,45078036,613963,USD
Apr-25,ATPBHDVRR2ACLMKA,SEC,26182170,300772,USD
Apr-25,ATPBHDVRR2ACLMKA,SEC,55777949,192266,USD
Apr-25,ATPBHDVRR2ACLMKA,SEC,115606002,657966,EUR
Apr-25,ATPBHDVRR2ACLMKA,SEC,116144019,138937,USD
Apr-25,ATPBHDVRR2ACLMKA,SEC,115093841,610547,USD
Apr-25,ATPBHDVRR2ACLMKA,SEC,125027780,686428,USD
Apr-25,ATPBHDVRR2ACLMKA,SEC,141620161,512093,USD
Apr-25,ATPBHDVRR2ACLMKA,Cash,100,0,TWD
Apr-25,ATPBHDVRR2ACLMKA,Cash,100,98480.97,USD
Apr-25,ATPBHDVRR2ACLMKA,Cash,100,0,HKD
Apr-25,ATPBHDVRR2ACLMKA,Cash,100,0,SGD
Apr-25,ATPBHDVRR2ACLMKA,Cash,100,6226.3,CHF
Apr-25,ATPBHDVRR2ACLMKA,Cash,100,102820.87,EUR
Apr-25,AUABHDVRR2A4Z5SA,SEC,1099448,83987,HKD
Apr-25,AUABHDVRR2A4Z5SA,SEC,239659,142661,USD
Apr-25,AUABHDVRR2A4Z5SA,SEC,2291324,83143,HKD
Apr-25,AUABHDVRR2A4Z5SA,SEC,39218002,179006,USD
Apr-25,AUABHDVRR2A4Z5SA,SEC,3050335,58560,USD
Apr-25,AUABHDVRR2A4Z5SA,SEC,2178592,55843,HKD
Apr-25,AUABHDVRR2A4Z5SA,SEC,19217548,75739,USD
Apr-25,AUABHDVRR2A4Z5SA,SEC,22479642,131397,USD
Apr-25,AUABHDVRR2A4Z5SA,SEC,21513473,133026,USD
Apr-25,AUABHDVRR2A4Z5SA,SEC,4733788,89559,USD
Apr-25,AUABHDVRR2A4Z5SA,SEC,19584199,126522,USD
Apr-25,AUABHDVRR2A4Z5SA,SEC,24014323,60967,HKD
Apr-25,AUABHDVRR2A4Z5SA,SEC,26647043,25173,HKD
Apr-25,AUABHDVRR2A4Z5SA,SEC,25027456,183516,USD
Apr-25,AUABHDVRR2A4Z5SA,SEC,28342204,125528,USD
Apr-25,AUABHDVRR2A4Z5SA,SEC,28738532,73778,USD
Apr-25,AUABHDVRR2A4Z5SA,SEC,30381537,97400,USD
Apr-25,AUABHDVRR2A4Z5SA,SEC,40010118,96491,USD
Apr-25,AUABHDVRR2A4Z5SA,SEC,41887067,103190,USD
Apr-25,AUABHDVRR2A4Z5SA,SEC,38714645,94965,USD
Apr-25,AUABHDVRR2A4Z5SA,SEC,42535525,111308,USD
Apr-25,AUABHDVRR2A4Z5SA,SEC,43558773,1703,HKD
Apr-25,AUABHDVRR2A4Z5SA,SEC,50073450,60475,USD
Apr-25,AUABHDVRR2A4Z5SA,SEC,51116731,29646,HKD
Apr-25,AUABHDVRR2A4Z5SA,SEC,55256713,34026,HKD
Apr-25,AUABHDVRR2A4Z5SA,SEC,112156004,115949,USD
Apr-25,AUABHDVRR2A4Z5SA,SEC,113766580,95560,USD
Apr-25,AUABHDVRR2A4Z5SA,SEC,115606002,114487,GBP
Apr-25,AUABHDVRR2A4Z5SA,SEC,115096102,288892,USD
Apr-25,AUABHDVRR2A4Z5SA,SEC,125066657,103203,USD
Apr-25,AUABHDVRR2A4Z5SA,SEC,129578442,208272,USD
Apr-25,AUABHDVRR2A4Z5SA,Cash,100,0,EUR
Apr-25,AUABHDVRR2A4Z5SA,Cash,100,0,SGD
Apr-25,AUABHDVRR2A4Z5SA,Cash,100,63313.91,USD
Apr-25,AUABHDVRR2A4Z5SA,Cash,100,0,CHF
Apr-25,AUABHDVRR2A4Z5SA,Cash,100,13690.3,HKD
Apr-25,AUABHDVRR2A4Z5SA,Cash,100,6318.58,GBP
Apr-25,AUABHDVRR2A4Z5SA,Cash,100,0,JPY
Apr-25,AUJBHDVRR2C2TQUA,SEC,357850,127245,USD
Apr-25,AUJBHDVRR2C2TQUA,SEC,591600,720186,USD
Apr-25,AUJBHDVRR2C2TQUA,SEC,591600,1327465,AUD
Apr-25,AUJBHDVRR2C2TQUA,SEC,1079842,27470,USD
Apr-25,AUJBHDVRR2C2TQUA,SEC,567972,800200,USD
Apr-25,AUJBHDVRR2C2TQUA,SEC,16003554,1178100,USD
Apr-25,AUJBHDVRR2C2TQUA,SEC,16003553,0,USD
Apr-25,AUJBHDVRR2C2TQUA,SEC,115638086,720610,USD
Apr-25,AUJBHDVRR2C2TQUA,SEC,16004833,0,USD
Apr-25,AUJBHDVRR2C2TQUA,Cash,100,0,EUR
Apr-25,AUJBHDVRR2C2TQUA,Cash,100,0,HKD
Apr-25,AUJBHDVRR2C2TQUA,Cash,100,0,AUD
Apr-25,AUJBHDVRR2C2TQUA,Cash,100,0,IDR
Apr-25,AUJBHDVRR2C2TQUA,Cash,100,0,USD
Apr-25,AUJBHDVRR2C2TQUA,Cash,100,14.57,SGD
Apr-25,AUJBHDVRR2C2TQUA,Cash,100,0,GBP
Apr-25,AULBHDVRR2EP38MA,SEC,357850,279040,USD
Apr-25,AULBHDVRR2EP38MA,SEC,724641,14474240,USD
Apr-25,AULBHDVRR2EP38MA,SEC,3433492,25861104,HKD
Apr-25,AULBHDVRR2EP38MA,SEC,14917609,25559684,USD
Apr-25,AULBHDVRR2EP38MA,SEC,56518458,265759,USD
Apr-25,AULBHDVRR2EP38MA,SEC,136202340,427295,HKD
Apr-25,AULBHDVRR2EP38MA,Cash,100,0,CNY
Apr-25,AULBHDVRR2EP38MA,Cash,100,2249.5,HKD
Apr-25,AULBHDVRR2EP38MA,Cash,100,1258122.26,USD
Apr-25,AULBHDVRR2EP38MA,Cash,100,0,EUR
Apr-25,AV3BHDVSPBDR2USA,SEC,24014323,268255,HKD
Apr-25,AV3BHDVSPBDR2USA,SEC,23606196,22030,USD
Apr-25,AV3BHDVSPBDR2USA,SEC,24409862,180698,USD
Apr-25,AV3BHDVSPBDR2USA,SEC,42399032,8100071,HKD
Apr-25,AV3BHDVSPBDR2USA,SEC,43558773,50059,HKD
Apr-25,AV3BHDVSPBDR2USA,SEC,16004007,248017,USD
Apr-25,AV3BHDVSPBDR2USA,SEC,16004006,0,USD
Apr-25,AV3BHDVSPBDR2USA,SEC,16004008,0,USD
Apr-25,AV3BHDVSPBDR2USA,SEC,16004058,379610,USD
Apr-25,AV3BHDVSPBDR2USA,SEC,16004069,178072,EUR
Apr-25,AV3BHDVSPBDR2USA,SEC,16004068,0,EUR
Apr-25,AV3BHDVSPBDR2USA,SEC,16004059,0,USD
Apr-25,AV3BHDVSPBDR2USA,SEC,16004070,0,EUR
Apr-25,AV3BHDVSPBDR2USA,SEC,16004057,0,USD
Apr-25,AV3BHDVSPBDR2USA,SEC,16004086,398661,USD
Apr-25,AV3BHDVSPBDR2USA,SEC,16004085,0,USD
Apr-25,AV3BHDVSPBDR2USA,SEC,16004087,0,USD
Apr-25,AV3BHDVSPBDR2USA,SEC,51116731,177874,HKD
Apr-25,AV3BHDVSPBDR2USA,SEC,55256713,3489,HKD
Apr-25,AV3BHDVSPBDR2USA,SEC,110004428,364135,USD
Apr-25,AV3BHDVSPBDR2USA,SEC,16004456,396704,USD
Apr-25,AV3BHDVSPBDR2USA,SEC,16004457,0,USD
Apr-25,AV3BHDVSPBDR2USA,SEC,16004455,0,USD
Apr-25,AV3BHDVSPBDR2USA,SEC,16004463,448284,USD
Apr-25,AV3BHDVSPBDR2USA,SEC,16004462,0,USD
Apr-25,AV3BHDVSPBDR2USA,SEC,16004464,0,USD
Apr-25,AV3BHDVSPBDR2USA,SEC,16005103,0,USD
Apr-25,AV3BHDVSPBDR2USA,SEC,16005105,0,USD
Apr-25,AV3BHDVSPBDR2USA,SEC,105196562,-171806,HKD
Apr-25,AV3BHDVSPBDR2USA,SEC,105203686,-167637,HKD
Apr-25,AV3BHDVSPBDR2USA,Cash,100,0,HKD
Apr-25,AV3BHDVSPBDR2USA,Cash,100,1294.92,USD
Apr-25,AV3BHDVSPBDR2USA,Cash,100,2699.2,EUR
Apr-25,AV3BHDVSZ9GSFLKA,SEC,50267922,177407,EUR
Apr-25,AV3BHDVSZ9GSFLKA,SEC,110046151,241969,USD
Apr-25,AV3BHDVSZ9GSFLKA,SEC,116110551,362657,USD
Apr-25,AV3BHDVSZ9GSFLKA,SEC,117747770,255860,USD
Apr-25,AV3BHDVSZ9GSFLKA,SEC,138733941,113835,EUR
Apr-25,AV3BHDVSZ9GSFLKA,Cash,100,0,HKD
Apr-25,AV3BHDVSZ9GSFLKA,Cash,100,2228.42,USD
Apr-25,AV3BHDVSZ9GSFLKA,Cash,100,0,EUR
Apr-25,AW5BHDVS88K4TSNA,SEC,507170,27850,EUR
Apr-25,AW5BHDVS88K4TSNA,SEC,3106596,76562,SGD
Apr-25,AW5BHDVS88K4TSNA,SEC,779007,116661,MYR
Apr-25,AW5BHDVS88K4TSNA,SEC,2178592,20104,HKD
Apr-25,AW5BHDVS88K4TSNA,SEC,24014323,91450,HKD
Apr-25,AW5BHDVS88K4TSNA,SEC,25867521,7641,HKD
Apr-25,AW5BHDVS88K4TSNA,SEC,27956317,3654,HKD
Apr-25,AW5BHDVS88K4TSNA,SEC,42399032,30580,HKD
Apr-25,AW5BHDVS88K4TSNA,SEC,43558773,58811,HKD
Apr-25,AW5BHDVS88K4TSNA,SEC,51116731,163051,HKD
Apr-25,AW5BHDVS88K4TSNA,SEC,55256713,1180,HKD
Apr-25,AW5BHDVS88K4TSNA,Cash,100,1193.84,HKD
Apr-25,AW5BHDVS88K4TSNA,Cash,100,0,GBP
Apr-25,AW5BHDVS88K4TSNA,Cash,100,2495.24,EUR
Apr-25,AW5BHDVS88K4TSNA,Cash,100,5489.48,SGD
Apr-25,AW5BHDVS88K4TSNA,Cash,100,171.87,USD
Apr-25,AW5BHDVS88K4TSNA,Cash,100,5522.01,MYR
Apr-25,AWKBHDVRR2DZTYYA,SEC,357850,227961,USD
Apr-25,AWKBHDVRR2DZTYYA,SEC,411161,115666,HKD
Apr-25,AWKBHDVRR2DZTYYA,SEC,1211918,46830,USD
Apr-25,AWKBHDVRR2DZTYYA,SEC,2598225,6560,SGD
Apr-25,AWKBHDVRR2DZTYYA,SEC,43359089,31220,USD
Apr-25,AWKBHDVRR2DZTYYA,SEC,3390792,136678,USD
Apr-25,AWKBHDVRR2DZTYYA,SEC,13212805,36775,USD
Apr-25,AWKBHDVRR2DZTYYA,SEC,19204421,2281,SGD
Apr-25,AWKBHDVRR2DZTYYA,SEC,20086084,130713,USD
Apr-25,AWKBHDVRR2DZTYYA,SEC,20240345,52797,USD
Apr-25,AWKBHDVRR2DZTYYA,SEC,13195830,187168,USD
Apr-25,AWKBHDVRR2DZTYYA,SEC,41207668,36671,USD
Apr-25,AWKBHDVRR2DZTYYA,SEC,50072717,23877,USD
Apr-25,AWKBHDVRR2DZTYYA,SEC,50872428,117117,AUD
Apr-25,AWKBHDVRR2DZTYYA,SEC,51215417,29473,AUD
Apr-25,AWKBHDVRR2DZTYYA,SEC,56801443,83871,AUD
Apr-25,AWKBHDVRR2DZTYYA,SEC,58823722,56527,AUD
Apr-25,AWKBHDVRR2DZTYYA,SEC,110020110,163378,USD
Apr-25,AWKBHDVRR2DZTYYA,SEC,59600014,102983,USD
Apr-25,AWKBHDVRR2DZTYYA,SEC,115606002,66915,EUR
Apr-25,AWKBHDVRR2DZTYYA,SEC,116532986,129772,USD
Apr-25,AWKBHDVRR2DZTYYA,SEC,120696065,66858,AUD
Apr-25,AWKBHDVRR2DZTYYA,SEC,124130548,169153,USD
Apr-25,AWKBHDVRR2DZTYYA,SEC,124994912,142988,USD
Apr-25,AWKBHDVRR2DZTYYA,SEC,126902046,66113,AUD
Apr-25,AWKBHDVRR2DZTYYA,SEC,128258112,29974,USD
Apr-25,AWKBHDVRR2DZTYYA,SEC,130257524,33000,AUD
Apr-25,AWKBHDVRR2DZTYYA,SEC,132902107,124537,USD
Apr-25,AWKBHDVRR2DZTYYA,SEC,133981722,130224,AUD
Apr-25,AWKBHDVRR2DZTYYA,Cash,100,5653.27,USD
Apr-25,AWKBHDVRR2DZTYYA,Cash,100,5507.6,SGD
Apr-25,AWKBHDVRR2DZTYYA,Cash,100,0,HKD
Apr-25,AWKBHDVRR2DZTYYA,Cash,100,0,CNY
Apr-25,AWKBHDVRR2DZTYYA,Cash,100,21660.68,EUR
Apr-25,AWKBHDVRR2DZTYYA,Cash,100,31680.7,AUD
Apr-25,AXFBHDVSA5RUNKXA,SEC,357850,798875,SGD
Apr-25,AXFBHDVSA5RUNKXA,SEC,591600,713533,SGD
Apr-25,AXFBHDVSA5RUNKXA,SEC,288080,532616,USD
Apr-25,AXFBHDVSA5RUNKXA,SEC,288055,629470,USD
Apr-25,AXFBHDVSA5RUNKXA,SEC,2577176,97528,USD
Apr-25,AXFBHDVSA5RUNKXA,SEC,39218002,376883,USD
Apr-25,AXFBHDVSA5RUNKXA,SEC,3371410,835655,USD
Apr-25,AXFBHDVSA5RUNKXA,SEC,10627405,86292,USD
Apr-25,AXFBHDVSA5RUNKXA,SEC,3537013,97230,USD
Apr-25,AXFBHDVSA5RUNKXA,SEC,11943292,101343,USD
Apr-25,AXFBHDVSA5RUNKXA,SEC,18401081,99827,USD
Apr-25,AXFBHDVSA5RUNKXA,SEC,21366058,102902,USD
Apr-25,AXFBHDVSA5RUNKXA,SEC,24161018,0,SGD
Apr-25,AXFBHDVSA5RUNKXA,SEC,22439698,310838,CHF
Apr-25,AXFBHDVSA5RUNKXA,SEC,22439717,310903,CHF
Apr-25,AXFBHDVSA5RUNKXA,SEC,30372463,95973,USD
Apr-25,AXFBHDVSA5RUNKXA,SEC,30474506,274994,SGD
Apr-25,AXFBHDVSA5RUNKXA,SEC,30608357,99826,USD
Apr-25,AXFBHDVSA5RUNKXA,SEC,35259549,72525,SGD
Apr-25,AXFBHDVSA5RUNKXA,SEC,39991342,101646,USD
Apr-25,AXFBHDVSA5RUNKXA,SEC,30164303,99281,USD
Apr-25,AXFBHDVSA5RUNKXA,SEC,42535561,97334,USD
Apr-25,AXFBHDVSA5RUNKXA,SEC,44805159,651356,USD
Apr-25,AXFBHDVSA5RUNKXA,SEC,49645211,91547,USD
Apr-25,AXFBHDVSA5RUNKXA,SEC,49375091,152272,USD
Apr-25,AXFBHDVSA5RUNKXA,SEC,48202650,103717,USD
Apr-25,AXFBHDVSA5RUNKXA,SEC,45165905,104594,USD
Apr-25,AXFBHDVSA5RUNKXA,SEC,58848816,89238,USD
Apr-25,AXFBHDVSA5RUNKXA,SEC,59799236,186349,USD
Apr-25,AXFBHDVSA5RUNKXA,SEC,114057005,150450,USD
Apr-25,AXFBHDVSA5RUNKXA,SEC,119466239,0,SGD
Apr-25,AXFBHDVSA5RUNKXA,Cash,100,0,IDR
Apr-25,AXFBHDVSA5RUNKXA,Cash,100,0,SGD
Apr-25,AXFBHDVSA5RUNKXA,Cash,100,0,USD
Apr-25,AXFBHDVSA5RUNKXA,Cash,100,0,AUD
Apr-25,AXFBHDVSA5RUNKXA,Cash,100,0,EUR
Apr-25,AXFBHDVSA5RUNKXA,Cash,100,0,CHF
Apr-25,AYFBHDVSQYG9DN6A,SEC,724641,184876,USD
Apr-25,AYFBHDVSQYG9DN6A,SEC,932379,287329,USD
Apr-25,AYFBHDVSQYG9DN6A,SEC,994529,1002766,USD
Apr-25,AYFBHDVSQYG9DN6A,SEC,1413346,652871,USD
Apr-25,AYFBHDVSQYG9DN6A,SEC,645156,731383,USD
Apr-25,AYFBHDVSQYG9DN6A,SEC,951692,811328,USD
Apr-25,AYFBHDVSQYG9DN6A,SEC,2107726,351723,USD
Apr-25,AYFBHDVSQYG9DN6A,SEC,3826452,370549,USD
Apr-25,AYFBHDVSQYG9DN6A,SEC,49563753,272695,USD
Apr-25,AYFBHDVSQYG9DN6A,SEC,14917609,484581,USD
Apr-25,AYFBHDVSQYG9DN6A,SEC,18868154,566659,USD
Apr-25,AYFBHDVSQYG9DN6A,SEC,22339711,477866,USD
Apr-25,AYFBHDVSQYG9DN6A,SEC,22860122,148016,USD
Apr-25,AYFBHDVSQYG9DN6A,SEC,27926256,227714,USD
Apr-25,AYFBHDVSQYG9DN6A,SEC,30143936,170044,USD
Apr-25,AYFBHDVSQYG9DN6A,SEC,36334768,186834,USD
Apr-25,AYFBHDVSQYG9DN6A,SEC,36372319,183950,USD
Apr-25,AYFBHDVSQYG9DN6A,SEC,38497535,455998,USD
Apr-25,AYFBHDVSQYG9DN6A,SEC,41112361,311225,USD
Apr-25,AYFBHDVSQYG9DN6A,SEC,40769307,550401,USD
Apr-25,AYFBHDVSQYG9DN6A,SEC,47459333,200377,USD
Apr-25,AYFBHDVSQYG9DN6A,SEC,49718937,258742,USD
Apr-25,AYFBHDVSQYG9DN6A,SEC,58365265,305586,USD
Apr-25,AYFBHDVSQYG9DN6A,SEC,58460132,278548,USD
Apr-25,AYFBHDVSQYG9DN6A,SEC,110387675,229371,USD
Apr-25,AYFBHDVSQYG9DN6A,SEC,114658358,332700,USD
Apr-25,AYFBHDVSQYG9DN6A,SEC,114982648,402406,USD
Apr-25,AYFBHDVSQYG9DN6A,SEC,121756947,330854,USD
Apr-25,AYFBHDVSQYG9DN6A,SEC,140997550,68516,USD
Apr-25,AYFBHDVSQYG9DN6A,Cash,100,382848.09,USD
Apr-25,AYFBHDVSQYG9DN6A,Cash,100,0,EUR
Apr-25,AYFBHDVSQYG9DN6A,Cash,100,0,CAD
Apr-25,AYFBHDVSQYG9DN6A,Cash,100,324.15,GBP
Apr-25,AZ2BHDVRR2C2DNYA,SEC,903491,105186,USD
Apr-25,AZ2BHDVRR2C2DNYA,SEC,994529,47642,USD
Apr-25,AZ2BHDVRR2C2DNYA,SEC,47787541,73872,USD
Apr-25,AZ2BHDVRR2C2DNYA,SEC,11448018,141343,USD
Apr-25,AZ2BHDVRR2C2DNYA,SEC,25949497,19718,USD
Apr-25,AZ2BHDVRR2C2DNYA,SEC,38497535,16740,USD
Apr-25,AZ2BHDVRR2C2DNYA,SEC,41112361,49704,USD
Apr-25,AZ2BHDVRR2C2DNYA,SEC,40769307,25962,USD
Apr-25,AZ2BHDVRR2C2DNYA,SEC,42826115,10415,USD
Apr-25,AZ2BHDVRR2C2DNYA,SEC,50914799,2710,USD
Apr-25,AZ2BHDVRR2C2DNYA,SEC,54153446,33757,HKD
Apr-25,AZ2BHDVRR2C2DNYA,SEC,56799254,11225,USD
Apr-25,AZ2BHDVRR2C2DNYA,SEC,58353386,0,USD
Apr-25,AZ2BHDVRR2C2DNYA,SEC,58365265,19123,USD
Apr-25,AZ2BHDVRR2C2DNYA,SEC,110138377,2957,USD
Apr-25,AZ2BHDVRR2C2DNYA,SEC,111229262,15257,USD
Apr-25,AZ2BHDVRR2C2DNYA,SEC,111854151,11757,USD
Apr-25,AZ2BHDVRR2C2DNYA,SEC,112854138,25830,USD
Apr-25,AZ2BHDVRR2C2DNYA,SEC,113133115,6560,USD
Apr-25,AZ2BHDVRR2C2DNYA,SEC,112870399,67200,USD
Apr-25,AZ2BHDVRR2C2DNYA,SEC,113428209,2088,USD
Apr-25,AZ2BHDVRR2C2DNYA,SEC,115344461,7904,HKD
Apr-25,AZ2BHDVRR2C2DNYA,SEC,121903175,38177,HKD
Apr-25,AZ2BHDVRR2C2DNYA,SEC,128499088,32044,USD
Apr-25,AZ2BHDVRR2C2DNYA,SEC,138624448,219240,USD
Apr-25,AZ2BHDVRR2C2DNYA,SEC,142004284,56033,HKD
Apr-25,AZ2BHDVRR2C2DNYA,SEC,142543492,25959,HKD
Apr-25,AZ2BHDVRR2C2DNYA,Cash,100,-607.95,USD
Apr-25,AZ2BHDVRR2C2DNYA,Cash,100,0,EUR
Apr-25,AZ2BHDVRR2C2DNYA,Cash,100,367039.81,HKD
Apr-25,AZ4BHDVSHCDVPJMA,SEC,45088,4998858,USD
Apr-25,AZ4BHDVSHCDVPJMA,SEC,724641,3791264,USD
Apr-25,AZ4BHDVSHCDVPJMA,SEC,986053,4893089,USD
Apr-25,AZ4BHDVSHCDVPJMA,SEC,994529,3907931,USD
Apr-25,AZ4BHDVSHCDVPJMA,SEC,2605973,5910782,USD
Apr-25,AZ4BHDVSHCDVPJMA,SEC,14917609,554440,USD
Apr-25,AZ4BHDVSHCDVPJMA,SEC,18379378,223980,USD
Apr-25,AZ4BHDVSHCDVPJMA,SEC,41112361,764680,USD
Apr-25,AZ4BHDVSHCDVPJMA,SEC,41887067,3315395,USD
Apr-25,AZ4BHDVSHCDVPJMA,SEC,42826115,208300,USD
Apr-25,AZ4BHDVSHCDVPJMA,SEC,116022036,226450,USD
Apr-25,AZ4BHDVSHCDVPJMA,SEC,129235510,214815,USD
Apr-25,AZ4BHDVSHCDVPJMA,SEC,141357329,1850000,USD
Apr-25,AZ4BHDVSHCDVPJMA,SEC,141500599,3355796,USD
Apr-25,AZ4BHDVSHCDVPJMA,SEC,141732186,4781845,USD
Apr-25,AZ4BHDVSHCDVPJMA,SEC,141976931,2772000,USD
Apr-25,AZ4BHDVSHCDVPJMA,SEC,141977208,1722000,USD
Apr-25,AZ4BHDVSHCDVPJMA,SEC,105245404,-56749,USD
Apr-25,AZ4BHDVSHCDVPJMA,SEC,105246334,-140453,USD
Apr-25,AZ4BHDVSHCDVPJMA,SEC,139365455,2690700,USD
Apr-25,AZ4BHDVSHCDVPJMA,SEC,143012142,282452,USD
Apr-25,AZ4BHDVSHCDVPJMA,SEC,143213651,3107685,USD
Apr-25,AZ4BHDVSHCDVPJMA,SEC,105259687,-7731,USD
Apr-25,AZ4BHDVSHCDVPJMA,SEC,105259730,-13066,USD
Apr-25,AZ4BHDVSHCDVPJMA,SEC,105259853,-22683,USD
Apr-25,AZ4BHDVSHCDVPJMA,SEC,105259849,-9955,USD
Apr-25,AZ4BHDVSHCDVPJMA,SEC,105260107,-1535,USD
Apr-25,AZ4BHDVSHCDVPJMA,Cash,100,853828.7,USD
Apr-25,AZ4BHDVSHCDVPJMA,Cash,100,153.74,HKD
Apr-25,AZ4BHDVSHCDVPJMA,Cash,100,36.44,SGD
Apr-25,AZXBHDVTZSRT5RHA,SEC,591600,268743,EUR
Apr-25,AZXBHDVTZSRT5RHA,SEC,591600,1742492,CAD
Apr-25,AZXBHDVTZSRT5RHA,SEC,591600,876504,USD
Apr-25,AZXBHDVTZSRT5RHA,SEC,591600,422992,AUD
Apr-25,AZXBHDVTZSRT5RHA,Cash,100,0,CAD
Apr-25,AZXBHDVTZSRT5RHA,Cash,100,0,USD
Apr-25,AZXBHDVTZSRT5RHA,Cash,100,0,HKD
Apr-25,AZXBHDVTZSRT5RHA,Cash,100,0,EUR
Apr-25,AZXBHDVTZSRT5RHA,Cash,100,0,AUD
Apr-25,AZXBHDVTZSRT5RHA,Cash,100,25665.72,JPY
Apr-25,BA4BHDVRR2J7JYPA,Cash,100,0.33,USD
Apr-25,BA4BHDVRR2J7JYPA,Cash,100,0,HKD
Apr-25,BA4BHDVRR2J7JYPA,Cash,100,0,EUR
Apr-25,BA4BHDVRR2J7JYPA,Cash,100,0,GBP
Apr-25,BA4BHDVRR2J7JYPA,Cash,100,0,CAD
Apr-25,BA4BHDVRR2J7JYPA,Cash,100,0,CHF
Apr-25,BA4BHDVRR2J7JYPA,Cash,100,0,SEK
Apr-25,BA4BHDVRR2J7JYPA,Cash,100,0,JPY
Apr-25,BAJBHDVRR2EWG2AA,SEC,357850,221303,USD
Apr-25,BAJBHDVRR2EWG2AA,SEC,42968271,99726,USD
Apr-25,BAJBHDVRR2EWG2AA,SEC,19762787,92264,USD
Apr-25,BAJBHDVRR2EWG2AA,SEC,20105251,74505,USD
Apr-25,BAJBHDVRR2EWG2AA,SEC,30381537,139264,USD
Apr-25,BAJBHDVRR2EWG2AA,SEC,30372463,151591,USD
Apr-25,BAJBHDVRR2EWG2AA,SEC,43006020,251621,USD
Apr-25,BAJBHDVRR2EWG2AA,SEC,43580006,62688,USD
Apr-25,BAJBHDVRR2EWG2AA,SEC,59986178,122428,USD
Apr-25,BAJBHDVRR2EWG2AA,Cash,100,0,EUR
Apr-25,BAJBHDVRR2EWG2AA,Cash,100,0,CNY
Apr-25,BAJBHDVRR2EWG2AA,Cash,100,23307.66,USD
Apr-25,BAJBHDVRR2EWG2AA,Cash,100,0,HKD
Apr-25,BANBHDVR42Z9NXZA,SEC,591600,404464,USD
Apr-25,BANBHDVR42Z9NXZA,SEC,30184995,300900,USD
Apr-25,BANBHDVR42Z9NXZA,SEC,44805159,409417,USD
Apr-25,BANBHDVR42Z9NXZA,SEC,59986178,254031,USD
Apr-25,BANBHDVR42Z9NXZA,SEC,141357266,274590,USD
Apr-25,BANBHDVR42Z9NXZA,Cash,100,10271.83,USD
Apr-25,BCTBHDVRR2BHW29A,SEC,591600,817630,HKD
Apr-25,BCTBHDVRR2BHW29A,SEC,591600,3987192,NZD
Apr-25,BCTBHDVRR2BHW29A,Cash,100,0,HKD
Apr-25,BCTBHDVRR2BHW29A,Cash,100,0,USD
Apr-25,BCTBHDVRR2BHW29A,Cash,100,0,NZD
Apr-25,BDUBHDVRR2FB9BEA,SEC,680579,545040,USD
Apr-25,BDUBHDVRR2FB9BEA,SEC,706643,215000,USD
Apr-25,BDUBHDVRR2FB9BEA,SEC,1596180,131155,USD
Apr-25,BDUBHDVRR2FB9BEA,SEC,938298,127600,USD
Apr-25,BDUBHDVRR2FB9BEA,SEC,808963,108360,USD
Apr-25,BDUBHDVRR2FB9BEA,SEC,809015,156500,USD
Apr-25,BDUBHDVRR2FB9BEA,SEC,1465124,2326845,USD
Apr-25,BDUBHDVRR2FB9BEA,SEC,217604,20332,CAD
Apr-25,BDUBHDVRR2FB9BEA,SEC,1595617,38296,CAD
Apr-25,BDUBHDVRR2FB9BEA,SEC,1888760,573495,CAD
Apr-25,BDUBHDVRR2FB9BEA,SEC,2788071,360500,USD
Apr-25,BDUBHDVRR2FB9BEA,SEC,2036521,101259,CAD
Apr-25,BDUBHDVRR2FB9BEA,SEC,3102249,177779,CAD
Apr-25,BDUBHDVRR2FB9BEA,SEC,48045452,1651350,USD
Apr-25,BDUBHDVRR2FB9BEA,SEC,49985736,94515,USD
Apr-25,BDUBHDVRR2FB9BEA,SEC,51180022,7933,CAD
Apr-25,BDUBHDVRR2FB9BEA,SEC,111058081,671318,USD
Apr-25,BDUBHDVRR2FB9BEA,SEC,11448018,292030,USD
Apr-25,BDUBHDVRR2FB9BEA,SEC,12173639,169485,CAD
Apr-25,BDUBHDVRR2FB9BEA,SEC,10806004,317334,CAD
Apr-25,BDUBHDVRR2FB9BEA,SEC,18574994,167800,USD
Apr-25,BDUBHDVRR2FB9BEA,SEC,21242285,131441,CAD
Apr-25,BDUBHDVRR2FB9BEA,SEC,30340271,201120,USD
Apr-25,BDUBHDVRR2FB9BEA,SEC,36068737,4688,CAD
Apr-25,BDUBHDVRR2FB9BEA,SEC,39853472,7422,USD
Apr-25,BDUBHDVRR2FB9BEA,SEC,44636368,136887,CAD
Apr-25,BDUBHDVRR2FB9BEA,SEC,45984648,3159030,USD
Apr-25,BDUBHDVRR2FB9BEA,SEC,49593383,277466,CAD
Apr-25,BDUBHDVRR2FB9BEA,SEC,51516090,168800,USD
Apr-25,BDUBHDVRR2FB9BEA,SEC,50827023,54300,USD
Apr-25,BDUBHDVRR2FB9BEA,SEC,51588066,400330,USD
Apr-25,BDUBHDVRR2FB9BEA,SEC,55675930,273750,USD
Apr-25,BDUBHDVRR2FB9BEA,SEC,57505885,35109,USD
Apr-25,BDUBHDVRR2FB9BEA,SEC,110236748,142200,USD
Apr-25,BDUBHDVRR2FB9BEA,SEC,110279264,145685,CAD
Apr-25,BDUBHDVRR2FB9BEA,SEC,111058106,173957,CAD
Apr-25,BDUBHDVRR2FB9BEA,SEC,50942921,313007,CAD
Apr-25,BDUBHDVRR2FB9BEA,SEC,111964350,865919,CAD
Apr-25,BDUBHDVRR2FB9BEA,SEC,112616723,247000,USD
Apr-25,BDUBHDVRR2FB9BEA,SEC,118301472,159590,USD
Apr-25,BDUBHDVRR2FB9BEA,SEC,19953854,229200,USD
Apr-25,BDUBHDVRR2FB9BEA,SEC,120237268,214633,CAD
Apr-25,BDUBHDVRR2FB9BEA,SEC,121978595,82723,CAD
Apr-25,BDUBHDVRR2FB9BEA,SEC,127207482,308968,CAD
Apr-25,BDUBHDVRR2FB9BEA,SEC,129535999,695431,CAD
Apr-25,BDUBHDVRR2FB9BEA,SEC,132844910,107634,CAD
Apr-25,BDUBHDVRR2FB9BEA,SEC,135002270,255780,USD
Apr-25,BDUBHDVRR2FB9BEA,SEC,135411145,677437,CAD
Apr-25,BDUBHDVRR2FB9BEA,SEC,135968657,214500,USD
Apr-25,BDUBHDVRR2FB9BEA,SEC,136613554,275,USD
Apr-25,BDUBHDVRR2FB9BEA,SEC,136613554,108182,CAD
Apr-25,BDUBHDVRR2FB9BEA,SEC,139830473,578757,USD
Apr-25,BDUBHDVRR2FB9BEA,SEC,139830476,187099,USD
Apr-25,BDUBHDVRR2FB9BEA,Cash,100,156911.07,CAD
Apr-25,BDUBHDVRR2FB9BEA,Cash,100,528800.22,USD
Apr-25,BDUBHDVRR2FB9BEA,Cash,100,0,HKD
Apr-25,BDUBHDVRR2FB9BEA,Cash,100,3.45,SGD
Apr-25,BH2BHDVRR2AZFH3A,SEC,3227484,6454700,HKD
Apr-25,BH2BHDVRR2AZFH3A,SEC,2334217,686362,HKD
Apr-25,BH2BHDVRR2AZFH3A,SEC,10365945,865447,HKD
Apr-25,BH2BHDVRR2AZFH3A,SEC,10809630,2126755,HKD
Apr-25,BH2BHDVRR2AZFH3A,SEC,10802700,0,HKD
Apr-25,BH2BHDVRR2AZFH3A,SEC,18178564,933385,USD
Apr-25,BH2BHDVRR2AZFH3A,SEC,50872068,1914079,HKD
Apr-25,BH2BHDVRR2AZFH3A,SEC,59243064,54900,USD
Apr-25,BH2BHDVRR2AZFH3A,SEC,132063100,484800,USD
Apr-25,BH2BHDVRR2AZFH3A,Cash,100,0,HKD
Apr-25,BH2BHDVRR2AZFH3A,Cash,100,96124.96,USD
Apr-25,BH2BHDVRR2AZFH3A,Cash,100,0,EUR
Apr-25,BH5BHDVSR9576KXA,SEC,132659950,1046550,USD
Apr-25,BH5BHDVSR9576KXA,SEC,138115887,1005930,USD
Apr-25,BH5BHDVSR9576KXA,SEC,138115311,1008132,USD
Apr-25,BH5BHDVSR9576KXA,SEC,142312291,1993184,USD
Apr-25,BH5BHDVSR9576KXA,Cash,100,547.72,USD
Apr-25,BH5BHDVSR9576KXA,Cash,100,6446.21,HKD
Apr-25,BHHBHDVR6LEEXFZA,SEC,411161,211250,GBP
Apr-25,BHHBHDVR6LEEXFZA,SEC,2263631,153210,USD
Apr-25,BHHBHDVR6LEEXFZA,SEC,24409862,307899,USD
Apr-25,BHHBHDVR6LEEXFZA,SEC,28438140,24922,USD
Apr-25,BHHBHDVR6LEEXFZA,SEC,32729038,157262,USD
Apr-25,BHHBHDVR6LEEXFZA,SEC,122827935,52765,AUD
Apr-25,BHHBHDVR6LEEXFZA,Cash,100,0,AUD
Apr-25,BHHBHDVR6LEEXFZA,Cash,100,311.94,USD
Apr-25,BHHBHDVR6LEEXFZA,Cash,100,0,HKD
Apr-25,BHHBHDVR6LEEXFZA,Cash,100,0,GBP
Apr-25,BHHBHDVR6LEEXFZA,Cash,100,0,JPY
Apr-25,BJVBHDVRRZ8RA3TA,SEC,357850,14823643,HKD
Apr-25,BJVBHDVRRZ8RA3TA,SEC,422197,4456800,HKD
Apr-25,BJVBHDVRRZ8RA3TA,Cash,100,772047.05,HKD
Apr-25,BJVBHDVRRZ8RA3TA,Cash,100,0,CNY
Apr-25,BJVBHDVRRZ8RA3TA,Cash,100,0,USD
Apr-25,BKBBHDVRR2CD38CA,SEC,357850,519455,USD
Apr-25,BKBBHDVRR2CD38CA,SEC,994529,2943540,USD
Apr-25,BKBBHDVRR2CD38CA,SEC,1631646,370721,USD
Apr-25,BKBBHDVRR2CD38CA,SEC,645156,299824,USD
Apr-25,BKBBHDVRR2CD38CA,SEC,494683,161475,USD
Apr-25,BKBBHDVRR2CD38CA,SEC,951692,157616,USD
Apr-25,BKBBHDVRR2CD38CA,SEC,761808,52062,JPY
Apr-25,BKBBHDVRR2CD38CA,SEC,784523,56304,JPY
Apr-25,BKBBHDVRR2CD38CA,SEC,762568,85538,JPY
Apr-25,BKBBHDVRR2CD38CA,SEC,1272044,148761,CNY
Apr-25,BKBBHDVRR2CD38CA,SEC,36244719,1044720,USD
Apr-25,BKBBHDVRR2CD38CA,SEC,11787455,64180,USD
Apr-25,BKBBHDVRR2CD38CA,SEC,22423967,86613,USD
Apr-25,BKBBHDVRR2CD38CA,SEC,24014323,60967,HKD
Apr-25,BKBBHDVRR2CD38CA,SEC,26138501,215071,USD
Apr-25,BKBBHDVRR2CD38CA,SEC,29798540,320320,USD
Apr-25,BKBBHDVRR2CD38CA,SEC,32071836,84116,USD
Apr-25,BKBBHDVRR2CD38CA,SEC,36806283,204063,USD
Apr-25,BKBBHDVRR2CD38CA,SEC,41112361,152936,USD
Apr-25,BKBBHDVRR2CD38CA,SEC,41887067,90351,USD
Apr-25,BKBBHDVRR2CD38CA,SEC,42399032,48928,HKD
Apr-25,BKBBHDVRR2CD38CA,SEC,56895161,134541,USD
Apr-25,BKBBHDVRR2CD38CA,SEC,58699577,61220,HKD
Apr-25,BKBBHDVRR2CD38CA,SEC,132999410,4331,HKD
Apr-25,BKBBHDVRR2CD38CA,Cash,100,8011.25,USD
Apr-25,BKBBHDVRR2CD38CA,Cash,100,4253.14,HKD
Apr-25,BKBBHDVRR2CD38CA,Cash,100,2503.87,JPY
Apr-25,BKBBHDVRR2CD38CA,Cash,100,0,AUD
Apr-25,BKBBHDVRR2CD38CA,Cash,100,0,EUR
Apr-25,BKBBHDVRR2CD38CA,Cash,100,6375.26,CNY
Apr-25,BKBBHDVRR2CD38CA,Cash,100,0,CHF
Apr-25,BNBBHDVRR2EZWL6A,SEC,357850,349708,USD
Apr-25,BNBBHDVRR2EZWL6A,SEC,923916,39786,USD
Apr-25,BNBBHDVRR2EZWL6A,SEC,984192,95729,USD
Apr-25,BNBBHDVRR2EZWL6A,SEC,994529,1090200,USD
Apr-25,BNBBHDVRR2EZWL6A,SEC,512613,132661,USD
Apr-25,BNBBHDVRR2EZWL6A,SEC,2701700,209503,USD
Apr-25,BNBBHDVRR2EZWL6A,SEC,10216395,241618,USD
Apr-25,BNBBHDVRR2EZWL6A,SEC,20152466,261862,USD
Apr-25,BNBBHDVRR2EZWL6A,SEC,28164162,2691,USD
Apr-25,BNBBHDVRR2EZWL6A,SEC,29798545,210678,USD
Apr-25,BNBBHDVRR2EZWL6A,SEC,33144092,341487,USD
Apr-25,BNBBHDVRR2EZWL6A,SEC,16003270,262783,USD
Apr-25,BNBBHDVRR2EZWL6A,SEC,16003269,0,USD
Apr-25,BNBBHDVRR2EZWL6A,SEC,33765461,100433,USD
Apr-25,BNBBHDVRR2EZWL6A,SEC,35753683,164389,USD
Apr-25,BNBBHDVRR2EZWL6A,SEC,36415876,233642,USD
Apr-25,BNBBHDVRR2EZWL6A,SEC,43580005,259734,USD
Apr-25,BNBBHDVRR2EZWL6A,SEC,45078036,245258,USD
Apr-25,BNBBHDVRR2EZWL6A,SEC,44887390,236460,USD
Apr-25,BNBBHDVRR2EZWL6A,SEC,16003944,201534,USD
Apr-25,BNBBHDVRR2EZWL6A,SEC,16003943,0,USD
Apr-25,BNBBHDVRR2EZWL6A,SEC,16003945,0,USD
Apr-25,BNBBHDVRR2EZWL6A,SEC,116532987,103888,USD
Apr-25,BNBBHDVRR2EZWL6A,SEC,124130575,213834,USD
Apr-25,BNBBHDVRR2EZWL6A,SEC,16004830,0,USD
Apr-25,BNBBHDVRR2EZWL6A,SEC,132899398,100802,USD
Apr-25,BNBBHDVRR2EZWL6A,SEC,140294805,212938,USD
Apr-25,BNBBHDVRR2EZWL6A,Cash,100,0,HKD
Apr-25,BNBBHDVRR2EZWL6A,Cash,100,54740.34,USD
Apr-25,BRLBHDVRR2ER9ZNA,SEC,357850,758886,USD
Apr-25,BRLBHDVRR2ER9ZNA,SEC,357850,965630,HKD
Apr-25,BRLBHDVRR2ER9ZNA,SEC,10627672,339051,USD
Apr-25,BRLBHDVRR2ER9ZNA,SEC,41207668,109123,USD
Apr-25,BRLBHDVRR2ER9ZNA,SEC,44887390,665345,USD
Apr-25,BRLBHDVRR2ER9ZNA,SEC,113765302,250200,USD
Apr-25,BRLBHDVRR2ER9ZNA,SEC,116110702,604428,USD
Apr-25,BRLBHDVRR2ER9ZNA,SEC,127305146,339509,USD
Apr-25,BRLBHDVRR2ER9ZNA,Cash,100,1975.15,USD
Apr-25,BRLBHDVRR2ER9ZNA,Cash,100,0,HKD
